date,nav_nok
2010-09-24,100
2010-09-27,100.01283
2010-09-28,99.96668
2010-09-29,99.67261
2010-09-30,99.18812
2010-10-01,99.59313
2010-10-04,99.13422
2010-10-05,100.07501
2010-10-06,100.31502
2010-10-07,100.72508
2010-10-08,101.25449
2010-10-11,101.61166
2010-10-12,102.13241
2010-10-13,101.75998
2010-10-14,101.03568
2010-10-15,101.66994
2010-10-18,102.73614
2010-10-19,102.68118
2010-10-20,102.3923
2010-10-21,102.2128
2010-10-22,102.03283
2010-10-25,102.39472
2010-10-26,103.08308
2010-10-27,102.93545
2010-10-28,103.28542
2010-10-29,103.34291
2010-11-01,103.08941
2010-11-02,103.60352
2010-11-03,103.66516
2010-11-04,104.0002
2010-11-05,104.72578
2010-11-08,105.28181
2010-11-09,104.73912
2010-11-10,105.99996
2010-11-11,106.35954
2010-11-12,105.69608
2010-11-15,106.37422
2010-11-16,105.34387
2010-11-17,105.2777
2010-11-18,106.65289
2010-11-19,106.32194
2010-11-22,106.69229
2010-11-23,106.05256
2010-11-24,106.764
2010-11-25,106.764
2010-11-26,107.49259
2010-11-29,107.33942
2010-11-30,106.67595
2010-12-01,108.48312
2010-12-02,108.58876
2010-12-03,107.45539
2010-12-06,107.73061
2010-12-07,107.31389
2010-12-08,108.36431
2010-12-09,109.20056
2010-12-10,108.6378
2010-12-13,108.20217
2010-12-14,107.61294
2010-12-15,107.58757
2010-12-16,108.4186
2010-12-17,108.55219
2010-12-20,108.89468
2010-12-21,109.54328
2010-12-22,110.07403
2010-12-23,109.94353
2010-12-27,109.35724
2010-12-28,109.38238
2010-12-29,109.56628
2010-12-30,108.3824
2010-12-31,107.24717
2011-01-04,108.9299
2011-01-05,109.74831
2011-01-06,110.17045
2011-01-07,109.94839
2011-01-10,109.76687
2011-01-11,110.4449
2011-01-12,110.65412
2011-01-13,110.33422
2011-01-14,110.6242
2011-01-18,110.72011
2011-01-19,109.39852
2011-01-20,109.87289
2011-01-21,108.98849
2011-01-24,109.08179
2011-01-25,108.97788
2011-01-26,109.35226
2011-01-27,110.0638
2011-01-28,109.06092
2011-01-31,108.9522
2011-02-01,109.57665
2011-02-02,110.14688
2011-02-03,110.13949
2011-02-04,110.64387
2011-02-07,111.74167
2011-02-08,111.64812
2011-02-09,111.47971
2011-02-10,112.62714
2011-02-11,113.1385
2011-02-14,113.44742
2011-02-15,112.80967
2011-02-16,112.79231
2011-02-17,112.41961
2011-02-18,111.89032
2011-02-22,109.4893
2011-02-23,108.02336
2011-02-24,107.55167
2011-02-25,109.57197
2011-02-28,109.3314
2011-03-01,107.7419
2011-03-02,107.38802
2011-03-03,109.12249
2011-03-04,108.4055
2011-03-07,107.05321
2011-03-08,108.10409
2011-03-09,107.7839
2011-03-10,107.31276
2011-03-11,107.31776
2011-03-14,105.5196
2011-03-15,104.06156
2011-03-16,103.32671
2011-03-17,104.6721
2011-03-18,104.1931
2011-03-21,105.15318
2011-03-22,105.5864
2011-03-23,106.04699
2011-03-24,106.12632
2011-03-25,106.93781
2011-03-28,106.69077
2011-03-29,107.5566
2011-03-30,108.03141
2011-03-31,106.89033
2011-04-01,107.15749
2011-04-04,107.16251
2011-04-05,106.70083
2011-04-06,106.32336
2011-04-07,106.52803
2011-04-08,105.84033
2011-04-11,105.99662
2011-04-12,105.4528
2011-04-13,105.24507
2011-04-14,104.95155
2011-04-15,104.58367
2011-04-18,104.9994
2011-04-19,104.56049
2011-04-20,104.96442
2011-04-26,105.48149
2011-04-27,106.05121
2011-04-28,105.79964
2011-04-29,105.59939
2011-05-02,105.49126
2011-05-03,105.56188
2011-05-04,105.64553
2011-05-05,107.07968
2011-05-06,107.72933
2011-05-09,108.50485
2011-05-10,108.04532
2011-05-11,107.89395
2011-05-12,108.68255
2011-05-13,107.95827
2011-05-16,107.52315
2011-05-18,108.53926
2011-05-19,108.47059
2011-05-20,107.90737
2011-05-23,107.41571
2011-05-24,106.62197
2011-05-25,107.1209
2011-05-26,106.68409
2011-05-27,105.84563
2011-05-31,106.44294
2011-06-01,104.61087
2011-06-02,104.61087
2011-06-03,102.925
2011-06-06,102.37361
2011-06-07,102.0868
2011-06-08,102.20865
2011-06-09,103.4831
2011-06-10,102.88568
2011-06-14,102.55822
2011-06-15,102.76021
2011-06-16,102.87088
2011-06-17,103.16083
2011-06-20,103.4437
2011-06-21,104.56505
2011-06-22,103.02562
2011-06-23,103.29958
2011-06-24,102.21818
2011-06-27,102.23038
2011-06-28,102.76075
2011-06-29,103.66207
2011-06-30,104.19706
2011-07-01,105.45311
2011-07-05,104.92072
2011-07-06,106.06237
2011-07-07,106.16763
2011-07-08,106.35212
2011-07-11,106.29666
2011-07-12,106.47148
2011-07-13,106.12301
2011-07-14,106.1064
2011-07-15,106.6751
2011-07-18,106.07202
2011-07-19,105.8949
2011-07-20,105.95394
2011-07-21,106.17221
2011-07-22,106.47763
2011-07-25,105.86758
2011-07-26,104.94193
2011-07-27,103.69635
2011-07-28,103.49182
2011-07-29,102.73082
2011-08-01,102.45583
2011-08-02,99.77761
2011-08-03,99.07133
2011-08-04,96.42058
2011-08-05,95.70414
2011-08-08,90.79316
2011-08-09,93.72944
2011-08-10,91.05286
2011-08-11,93.87555
2011-08-12,95.35485
2011-08-15,95.71739
2011-08-16,95.07928
2011-08-17,94.37671
2011-08-18,91.71921
2011-08-19,90.00308
2011-08-22,90.024
2011-08-23,92.18339
2011-08-24,92.65996
2011-08-25,91.51441
2011-08-26,92.05781
2011-08-29,92.91779
2011-08-30,93.8255
2011-08-31,94.65157
2011-09-01,94.84
2011-09-02,92.66621
2011-09-06,89.26662
2011-09-07,92.3559
2011-09-08,91.98836
2011-09-09,90.817
2011-09-12,92.07358
2011-09-13,93.67562
2011-09-14,95.28491
2011-09-15,95.59562
2011-09-16,96.04141
2011-09-19,96.58069
2011-09-20,95.8194
2011-09-21,94.27395
2011-09-22,93.16764
2011-09-23,93.1554
2011-09-26,94.13733
2011-09-27,95.36538
2011-09-28,94.63239
2011-09-29,95.15125
2011-09-30,94.81498
2011-10-03,92.36873
2011-10-04,93.02252
2011-10-05,94.55305
2011-10-06,96.37272
2011-10-07,95.5342
2011-10-10,96.45971
2011-10-11,96.65077
2011-10-12,96.73791
2011-10-13,96.71809
2011-10-14,96.8524
2011-10-17,96.20542
2011-10-18,97.45857
2011-10-19,96.08297
2011-10-20,96.22474
2011-10-21,96.79329
2011-10-24,98.32355
2011-10-25,96.87366
2011-10-26,97.33752
2011-10-27,99.11273
2011-10-28,99.38057
2011-10-31,98.21244
2011-11-01,97.43376
2011-11-02,98.24912
2011-11-03,99.03201
2011-11-04,99.12944
2011-11-07,98.961
2011-11-08,99.61129
2011-11-09,98.73253
2011-11-10,98.36494
2011-11-11,99.61948
2011-11-14,99.63696
2011-11-15,100.41617
2011-11-16,99.51265
2011-11-17,98.65444
2011-11-18,98.00222
2011-11-21,96.42041
2011-11-22,95.47341
2011-11-23,94.55
2011-11-25,95.00464
2011-11-28,97.51998
2011-11-29,97.6663
2011-11-30,100.14283
2011-12-01,100.46021
2011-12-02,100.55171
2011-12-05,100.9158
2011-12-06,100.99548
2011-12-07,101.0142
2011-12-08,99.74288
2011-12-09,99.9702
2011-12-12,99.79078
2011-12-13,100.41204
2011-12-14,100.09251
2011-12-15,100.41792
2011-12-16,100.07751
2011-12-19,98.66712
2011-12-20,100.40714
2011-12-21,101.16139
2011-12-22,102.26788
2011-12-23,103.63925
2011-12-27,103.41727
2011-12-28,103.07903
2011-12-29,103.97295
2011-12-30,103.53045
2011-12-31,103.52951
2012-01-03,104.60902
2012-01-04,105.09143
2012-01-05,105.56278
2012-01-06,105.3089
2012-01-09,105.16971
2012-01-10,106.08442
2012-01-11,106.69173
2012-01-12,106.32076
2012-01-13,106.97453
2012-01-17,107.14598
2012-01-18,107.67247
2012-01-19,107.35568
2012-01-20,107.61308
2012-01-23,106.91879
2012-01-24,107.05249
2012-01-25,107.98634
2012-01-26,106.75407
2012-01-27,106.6593
2012-01-30,106.09386
2012-01-31,106.6953
2012-02-01,106.85146
2012-02-02,107.69924
2012-02-03,108.76449
2012-02-06,109.01008
2012-02-07,108.28697
2012-02-08,108.19009
2012-02-09,108.34103
2012-02-10,107.30918
2012-02-13,107.27105
2012-02-14,107.22127
2012-02-15,108.15218
2012-02-16,108.71929
2012-02-17,107.706
2012-02-21,107.99132
2012-02-22,107.20095
2012-02-23,106.98775
2012-02-24,106.56032
2012-02-27,106.86027
2012-02-28,106.76823
2012-02-29,106.15112
2012-03-01,107.08182
2012-03-02,107.3555
2012-03-05,106.47063
2012-03-06,106.10721
2012-03-07,106.05938
2012-03-08,105.99459
2012-03-09,108.25128
2012-03-12,108.17932
2012-03-13,109.49214
2012-03-14,111.93633
2012-03-15,112.1012
2012-03-16,111.74206
2012-03-19,111.61694
2012-03-20,111.6651
2012-03-21,111.41218
2012-03-22,111.13366
2012-03-23,110.81882
2012-03-26,110.96784
2012-03-27,111.07805
2012-03-28,111.28368
2012-03-29,110.7164
2012-03-30,110.30546
2012-04-02,110.96574
2012-04-03,110.22271
2012-04-04,109.91373
2012-04-10,107.65146
2012-04-11,108.31783
2012-04-12,109.20696
2012-04-13,108.24448
2012-04-16,108.1475
2012-04-17,108.97975
2012-04-18,108.91536
2012-04-19,108.19307
2012-04-20,108.15695
2012-04-23,107.33892
2012-04-24,107.54168
2012-04-25,108.74151
2012-04-26,109.48842
2012-04-27,109.83583
2012-04-30,109.46819
2012-05-02,109.63917
2012-05-03,108.88615
2012-05-04,108.08106
2012-05-07,108.09138
2012-05-08,107.90632
2012-05-09,107.27628
2012-05-10,107.8746
2012-05-11,107.6044
2012-05-14,107.46016
2012-05-15,107.43478
2012-05-16,106.27477
2012-05-18,104.59958
2012-05-21,105.1335
2012-05-22,105.4998
2012-05-23,105.75601
2012-05-24,105.9963
2012-05-25,106.1122
2012-05-29,106.97292
2012-05-30,106.31443
2012-05-31,106.69117
2012-06-01,105.11026
2012-06-04,103.99249
2012-06-05,104.75866
2012-06-06,107.00583
2012-06-07,106.74523
2012-06-08,107.0622
2012-06-11,105.83424
2012-06-12,106.96377
2012-06-13,105.57733
2012-06-14,105.68199
2012-06-15,106.71276
2012-06-18,107.63796
2012-06-19,107.88086
2012-06-20,107.57178
2012-06-21,106.35716
2012-06-22,106.7512
2012-06-25,106.08998
2012-06-26,106.41691
2012-06-27,107.75822
2012-06-28,108.18109
2012-06-29,108.99432
2012-07-02,109.87386
2012-07-03,110.69249
2012-07-05,111.18136
2012-07-06,111.39104
2012-07-09,110.49055
2012-07-10,110.34866
2012-07-11,110.40458
2012-07-12,109.75702
2012-07-13,110.80962
2012-07-16,110.70824
2012-07-17,111.42533
2012-07-18,112.21012
2012-07-19,112.41667
2012-07-20,111.16498
2012-07-23,109.59297
2012-07-24,108.81019
2012-07-25,108.65027
2012-07-26,109.53891
2012-07-27,112.06898
2012-07-30,112.63955
2012-07-31,111.61057
2012-08-01,111.49004
2012-08-02,111.09515
2012-08-03,111.85285
2012-08-06,111.95094
2012-08-07,112.01592
2012-08-08,111.58946
2012-08-09,112.38836
2012-08-10,112.1765
2012-08-13,112.28611
2012-08-14,112.54733
2012-08-15,113.00707
2012-08-16,113.91858
2012-08-17,114.04082
2012-08-20,113.45714
2012-08-21,113.00288
2012-08-22,112.6504
2012-08-23,111.45772
2012-08-24,111.5763
2012-08-27,111.69147
2012-08-28,111.07736
2012-08-29,111.44081
2012-08-30,110.18694
2012-08-31,110.32859
2012-09-04,109.95058
2012-09-05,110.28544
2012-09-06,112.98047
2012-09-07,112.45375
2012-09-10,112.13422
2012-09-11,112.7831
2012-09-12,112.8265
2012-09-13,114.23148
2012-09-14,113.87336
2012-09-17,114.06512
2012-09-18,113.84729
2012-09-19,113.92871
2012-09-20,114.10377
2012-09-21,114.33085
2012-09-24,114.14605
2012-09-25,112.9572
2012-09-26,112.85075
2012-09-27,112.74425
2012-09-28,112.04003
2012-10-01,112.64198
2012-10-02,112.11894
2012-10-03,113.32896
2012-10-04,113.1576
2012-10-05,112.85559
2012-10-08,112.90932
2012-10-09,112.19308
2012-10-10,111.738
2012-10-11,111.33551
2012-10-12,111.15432
2012-10-15,111.97666
2012-10-16,112.6005
2012-10-17,112.68445
2012-10-18,112.56871
2012-10-19,111.67212
2012-10-22,111.75516
2012-10-23,111.28274
2012-10-24,111.3954
2012-10-25,112.12887
2012-10-26,111.97908
2012-10-31,110.95934
2012-11-01,111.49768
2012-11-02,111.60694
2012-11-05,111.68257
2012-11-06,112.11083
2012-11-07,110.68074
2012-11-08,109.50394
2012-11-09,109.5477
2012-11-12,109.38907
2012-11-13,109.67575
2012-11-14,108.22755
2012-11-15,107.83002
2012-11-16,108.68092
2012-11-19,109.86578
2012-11-20,109.88668
2012-11-21,109.77234
2012-11-23,110.448707
2012-11-26,110.135455
2012-11-27,110.626947
2012-11-28,111.03707
2012-11-29,111.832266
2012-11-30,111.49556
2012-12-03,110.855755
2012-12-04,110.470514
2012-12-05,110.77841
2012-12-06,111.378837
2012-12-07,112.158185
2012-12-10,112.386379
2012-12-11,112.573771
2012-12-12,112.350861
2012-12-13,111.853905
2012-12-14,111.882773
2012-12-17,112.257174
2012-12-18,113.045163
2012-12-19,112.347372
2012-12-20,112.710807
2012-12-21,111.889695
2012-12-27,111.814739
2012-12-28,111.117807
2012-12-31,111.691488
2013-01-02,113.291641
2013-01-03,114.001498
2013-01-04,115.219242
2013-01-07,114.60507
2013-01-08,114.569586
2013-01-09,114.823987
2013-01-10,114.427209
2013-01-11,114.486616
2013-01-14,114.079326
2013-01-15,115.412763
2013-01-16,115.221807
2013-01-17,115.677324
2013-01-18,117.092903
2013-01-22,116.803164
2013-01-23,116.522376
2013-01-24,116.083029
2013-01-25,116.48291
2013-01-28,116.447425
2013-01-29,116.550335
2013-01-30,116.069693
2013-01-31,115.546195
2013-02-01,115.571988
2013-02-04,114.94936
2013-02-05,115.889831
2013-02-06,116.042297
2013-02-07,116.386987
2013-02-08,117.068247
2013-02-11,116.367037
2013-02-12,116.467192
2013-02-13,116.389828
2013-02-14,116.835745
2013-02-15,117.326275
2013-02-19,118.506621
2013-02-20,117.666953
2013-02-21,118.169778
2013-02-22,119.643174
2013-02-25,118.44896
2013-02-26,118.90123
2013-02-27,120.003093
2013-02-28,120.889279
2013-03-01,121.770701
2013-03-04,120.892651
2013-03-05,121.962933
2013-03-06,122.103991
2013-03-07,121.709842
2013-03-08,123.256959
2013-03-11,123.705273
2013-03-12,123.21143
2013-03-13,123.755975
2013-03-14,125.867267
2013-03-15,125.579528
2013-03-18,124.760368
2013-03-19,125.323831
2013-03-20,126.26456
2013-03-21,125.518764
2013-03-22,125.298221
2013-03-25,125.458128
2013-03-26,126.044614
2013-03-27,126.054992
2013-04-02,125.775307
2013-04-03,124.621791
2013-04-04,124.488216
2013-04-05,122.483165
2013-04-08,123.489143
2013-04-09,123.487245
2013-04-10,125.537023
2013-04-11,125.657027
2013-04-12,125.595437
2013-04-15,123.569701
2013-04-16,124.487349
2013-04-17,124.144847
2013-04-18,123.89831
2013-04-19,124.726815
2013-04-22,126.195692
2013-04-23,128.506619
2013-04-24,129.574584
2013-04-25,129.41019
2013-04-26,128.646296
2013-04-29,129.041777
2013-04-30,128.264739
2013-05-02,128.534779
2013-05-03,129.696257
2013-05-06,130.578893
2013-05-07,131.586229
2013-05-08,130.46865
2013-05-10,131.217146
2013-05-13,131.289478
2013-05-14,132.153818
2013-05-15,133.751394
2013-05-16,132.654676
2013-05-21,133.568845
2013-05-22,133.056
2013-05-23,132.150624
2013-05-24,131.750175
2013-05-28,133.166745
2013-05-29,132.327735
2013-05-30,131.564919
2013-05-31,131.116421
2013-06-03,130.030968
2013-06-04,129.660877
2013-06-05,127.691338
2013-06-06,127.29796
2013-06-07,128.479875
2013-06-10,128.861819
2013-06-11,128.469057
2013-06-12,127.007813
2013-06-13,128.041632
2013-06-14,126.783005
2013-06-17,128.112452
2013-06-18,129.087149
2013-06-19,127.773522
2013-06-20,129.692265
2013-06-21,130.522811
2013-06-24,130.421373
2013-06-25,130.989719
2013-06-26,131.748458
2013-06-27,132.036807
2013-06-28,132.633312
2013-07-01,133.040241
2013-07-02,133.074287
2013-07-03,133.286156
2013-07-05,137.189688
2013-07-08,135.783791
2013-07-09,137.89754
2013-07-10,136.785731
2013-07-11,138.158663
2013-07-12,137.804507
2013-07-15,138.303517
2013-07-16,136.272733
2013-07-17,136.767519
2013-07-18,137.275077
2013-07-19,136.994356
2013-07-22,136.618698
2013-07-23,135.740408
2013-07-24,136.078372
2013-07-25,136.39513
2013-07-26,135.964056
2013-07-29,135.563007
2013-07-30,136.003144
2013-07-31,135.322847
2013-08-01,137.466921
2013-08-02,138.145936
2013-08-05,138.192388
2013-08-06,137.227655
2013-08-07,136.603725
2013-08-08,136.959016
2013-08-09,135.456715
2013-08-12,135.92089
2013-08-13,136.949907
2013-08-14,136.421898
2013-08-15,136.316436
2013-08-16,135.606976
2013-08-19,134.695052
2013-08-20,135.590635
2013-08-21,137.192076
2013-08-22,138.811772
2013-08-23,138.004546
2013-08-26,138.038772
2013-08-27,135.793336
2013-08-28,136.228467
2013-08-29,137.438154
2013-08-30,137.184302
2013-09-03,137.361576
2013-09-04,138.030478
2013-09-05,139.469837
2013-09-06,139.081538
2013-09-09,138.725204
2013-09-10,137.829714
2013-09-11,138.066982
2013-09-12,137.568494
2013-09-13,138.449809
2013-09-16,138.661609
2013-09-17,138.817143
2013-09-18,140.082479
2013-09-19,139.008779
2013-09-20,140.96661
2013-09-23,140.223752
2013-09-24,141.295943
2013-09-25,142.179547
2013-09-26,141.914409
2013-09-27,141.864145
2013-09-30,141.206853
2013-10-01,141.600375
2013-10-02,141.88112
2013-10-03,139.787487
2013-10-04,140.310924
2013-10-07,139.57868
2013-10-08,138.047697
2013-10-09,138.912121
2013-10-10,142.249053
2013-10-11,142.159005
2013-10-14,142.125654
2013-10-15,142.724335
2013-10-16,143.853272
2013-10-17,143.273528
2013-10-18,143.651234
2013-10-21,143.934449
2013-10-22,144.518881
2013-10-23,144.252792
2013-10-24,144.328995
2013-10-25,144.196356
2013-10-28,144.386806
2013-10-29,144.647707
2013-10-30,144.16477
2013-10-31,145.083101
2013-11-01,145.089315
2013-11-04,145.02578
2013-11-05,145.320155
2013-11-06,145.752501
2013-11-07,145.815886
2013-11-08,149.671482
2013-11-11,149.356767
2013-11-12,150.816104
2013-11-13,151.584528
2013-11-14,151.91505
2013-11-15,151.264133
2013-11-18,150.912075
2013-11-19,149.851024
2013-11-20,149.618352
2013-11-21,150.529847
2013-11-22,150.254227
2013-11-25,151.753415
2013-11-26,151.19284
2013-11-27,150.858191
2013-11-29,151.758217
2013-12-02,151.364662
2013-12-03,149.889436
2013-12-04,150.165587
2013-12-05,150.018442
2013-12-06,151.504665
2013-12-09,151.531673
2013-12-10,150.321086
2013-12-11,149.267636
2013-12-12,149.461095
2013-12-13,149.886978
2013-12-16,150.307997
2013-12-17,148.990745
2013-12-18,150.361345
2013-12-19,151.997062
2013-12-20,152.699416
2013-12-23,153.210675
2013-12-27,154.423691
2013-12-30,153.49754
2013-12-31,153.650002
2014-01-02,153.722247
2014-01-03,153.895302
2014-01-06,154.218265
2014-01-07,154.905458
2014-01-08,155.744296
2014-01-09,155.715384
2014-01-10,155.52172
2014-01-13,153.63751
2014-01-14,153.305324
2014-01-15,155.419861
2014-01-16,156.48785
2014-01-17,155.758675
2014-01-21,156.338252
2014-01-22,156.028753
2014-01-23,153.968809
2014-01-24,151.735308
2014-01-27,150.889345
2014-01-28,150.716349
2014-01-29,151.021238
2014-01-30,153.248564
2014-01-31,153.399722
2014-02-03,150.272143
2014-02-04,150.664059
2014-02-05,149.79819
2014-02-06,150.599096
2014-02-07,152.185278
2014-02-10,151.324334
2014-02-11,152.477002
2014-02-12,152.923793
2014-02-13,153.083174
2014-02-14,153.385311
2014-02-18,153.285809
2014-02-19,152.57201
2014-02-20,154.48594
2014-02-21,154.132972
2014-02-24,153.988035
2014-02-25,153.98635
2014-02-26,154.355872
2014-02-27,154.213486
2014-02-28,153.351625
2014-03-03,152.464223
2014-03-04,154.083678
2014-03-05,153.723409
2014-03-06,154.393502
2014-03-07,153.850011
2014-03-10,153.002666
2014-03-11,152.262647
2014-03-12,151.749933
2014-03-13,149.911772
2014-03-14,149.542155
2014-03-17,150.467324
2014-03-18,151.920281
2014-03-19,151.910941
2014-03-20,153.453375
2014-03-21,153.299726
2014-03-24,152.183825
2014-03-25,153.216394
2014-03-26,153.072336
2014-03-27,152.101942
2014-03-28,152.890331
2014-03-31,153.444388
2014-04-01,154.022918
2014-04-02,154.386196
2014-04-03,154.890192
2014-04-04,153.949905
2014-04-07,152.52862
2014-04-08,152.342281
2014-04-09,152.703363
2014-04-10,150.154699
2014-04-11,148.794231
2014-04-14,150.418832
2014-04-15,150.183715
2014-04-16,152.544695
2014-04-22,154.329259
2014-04-23,154.292633
2014-04-24,154.789116
2014-04-25,153.692374
2014-04-28,153.967197
2014-04-29,154.79291
2014-04-30,154.182451
2014-05-02,153.959812
2014-05-05,154.380314
2014-05-06,152.803099
2014-05-07,152.659134
2014-05-08,152.347122
2014-05-09,152.921406
2014-05-12,154.159557
2014-05-13,154.532022
2014-05-14,154.247774
2014-05-15,153.743163
2014-05-16,153.683588
2014-05-19,153.72403
2014-05-20,153.494321
2014-05-21,154.535051
2014-05-22,154.858937
2014-05-23,155.68525
2014-05-27,156.774478
2014-05-28,156.712171
2014-05-30,157.66586
2014-06-02,158.610479
2014-06-03,158.711664
2014-06-04,158.54336
2014-06-05,159.4931
2014-06-06,159.035947
2014-06-10,159.62016
2014-06-11,159.896627
2014-06-12,159.196909
2014-06-13,159.580621
2014-06-16,159.2077
2014-06-17,159.725274
2014-06-18,161.363715
2014-06-19,165.052277
2014-06-20,165.22228
2014-06-23,164.544427
2014-06-24,163.842239
2014-06-25,164.592395
2014-06-26,164.782668
2014-06-27,164.614416
2014-06-30,164.89288
2014-07-01,166.899716
2014-07-02,167.139005
2014-07-03,168.456453
2014-07-07,166.707777
2014-07-08,165.880075
2014-07-09,165.602395
2014-07-10,164.759278
2014-07-11,165.153335
2014-07-14,166.043198
2014-07-15,166.534199
2014-07-16,167.298849
2014-07-17,165.827219
2014-07-18,166.485286
2014-07-21,166.236482
2014-07-22,167.065
2014-07-23,167.242245
2014-07-24,168.113521
2014-07-25,167.551631
2014-07-28,167.601691
2014-07-29,167.771703
2014-07-30,167.911829
2014-07-31,166.366222
2014-08-01,164.941765
2014-08-04,165.287183
2014-08-05,164.276854
2014-08-06,163.933719
2014-08-07,162.449555
2014-08-08,162.310304
2014-08-11,162.126253
2014-08-12,161.753777
2014-08-13,162.313021
2014-08-14,162.653249
2014-08-15,162.699345
2014-08-18,164.029507
2014-08-19,164.821471
2014-08-20,165.335895
2014-08-21,165.283447
2014-08-22,165.161209
2014-08-25,166.347527
2014-08-26,166.632357
2014-08-27,166.966569
2014-08-28,166.436024
2014-08-29,166.748333
2014-09-02,167.037719
2014-09-03,168.484758
2014-09-04,168.936888
2014-09-05,169.869536
2014-09-08,169.985727
2014-09-09,170.037418
2014-09-10,170.148473
2014-09-11,170.955121
2014-09-12,170.16781
2014-09-15,170.756816
2014-09-16,171.548296
2014-09-17,171.876018
2014-09-18,170.332404
2014-09-19,170.958311
2014-09-22,169.608741
2014-09-23,168.34277
2014-09-24,169.768793
2014-09-25,168.301497
2014-09-26,170.119455
2014-09-29,169.74924
2014-09-30,168.574358
2014-10-01,167.524863
2014-10-02,166.52737
2014-10-03,168.8755
2014-10-06,168.853804
2014-10-07,166.402618
2014-10-08,167.24722
2014-10-09,164.764647
2014-10-10,163.731909
2014-10-13,162.16346
2014-10-14,163.207704
2014-10-15,162.073801
2014-10-16,162.040001
2014-10-17,163.656231
2014-10-20,165.179424
2014-10-21,167.443756
2014-10-22,168.061952
2014-10-23,168.708989
2014-10-24,169.820207
2014-10-27,170.138828
2014-10-28,172.082611
2014-10-29,173.074382
2014-10-30,174.978746
2014-10-31,178.183432
2014-11-03,178.144944
2014-11-04,179.778543
2014-11-05,180.005182
2014-11-06,180.842298
2014-11-07,180.57698
2014-11-10,179.862585
2014-11-11,180.988203
2014-11-12,179.33052
2014-11-13,180.043235
2014-11-14,179.836194
2014-11-17,179.872527
2014-11-18,179.902666
2014-11-19,181.121367
2014-11-20,180.419703
2014-11-21,182.518406
2014-11-24,182.479236
2014-11-25,183.700583
2014-11-26,183.924973
2014-11-28,188.521211
2014-12-01,186.068003
2014-12-02,188.002545
2014-12-03,189.324711
2014-12-04,189.1069
2014-12-05,192.107044
2014-12-08,191.318181
2014-12-09,189.017531
2014-12-10,188.504026
2014-12-11,191.453446
2014-12-12,190.4649
2014-12-15,190.130826
2014-12-16,191.619284
2014-12-17,192.585881
2014-12-18,195.668492
2014-12-19,195.712602
2014-12-22,196.980498
2014-12-23,198.42091
2014-12-29,199.829581
2014-12-30,197.606385
2014-12-31,198.61
2015-01-02,199.456276
2015-01-05,196.688415
2015-01-06,196.812713
2015-01-07,199.118295
2015-01-08,200.234753
2015-01-09,198.961168
2015-01-12,200.897925
2015-01-13,201.054702
2015-01-14,197.238449
2015-01-15,196.929757
2015-01-16,197.663626
2015-01-20,200.183535
2015-01-21,200.019305
2015-01-22,202.257642
2015-01-23,205.583363
2015-01-26,206.059658
2015-01-27,204.206205
2015-01-28,203.297631
2015-01-29,204.68732
2015-01-30,201.365169
2015-02-02,200.200408
2015-02-03,200.694256
2015-02-04,200.665551
2015-02-05,201.357298
2015-02-06,201.867601
2015-02-09,201.544048
2015-02-10,202.04326
2015-02-11,203.875158
2015-02-12,207.60973
2015-02-13,205.578539
2015-02-17,205.103399
2015-02-18,204.943061
2015-02-19,206.776413
2015-02-20,206.248687
2015-02-23,208.716398
2015-02-24,209.310599
2015-02-25,208.601923
2015-02-26,210.181978
2015-02-27,209.714817
2015-03-02,211.618346
2015-03-03,211.397822
2015-03-04,213.448156
2015-03-05,211.527576
2015-03-06,212.85189
2015-03-09,214.574639
2015-03-10,215.271729
2015-03-11,217.549328
2015-03-12,217.616971
2015-03-13,218.883301
2015-03-16,223.150139
2015-03-17,223.637045
2015-03-18,227.517689
2015-03-19,220.053358
2015-03-20,221.62535
2015-03-23,217.652022
2015-03-24,216.534167
2015-03-25,213.786129
2015-03-26,213.667285
2015-03-27,216.039123
2015-03-30,219.193898
2015-03-31,218.165074
2015-04-01,217.37868
2015-04-07,220.516595
2015-04-08,221.203708
2015-04-09,223.314509
2015-04-10,223.846755
2015-04-13,223.078518
2015-04-14,219.509703
2015-04-15,219.535427
2015-04-16,216.588484
2015-04-17,215.157907
2015-04-20,217.599142
2015-04-21,217.958195
2015-04-22,219.415925
2015-04-23,218.936373
2015-04-24,218.239832
2015-04-27,216.31772
2015-04-28,215.065618
2015-04-29,209.754996
2015-04-30,208.644034
2015-05-04,211.2739
2015-05-05,208.862023
2015-05-06,204.331259
2015-05-07,206.240687
2015-05-08,208.632026
2015-05-11,210.522466
2015-05-12,207.961775
2015-05-13,205.71878
2015-05-15,206.283979
2015-05-18,208.086497
2015-05-19,212.292604
2015-05-20,213.249186
2015-05-21,213.777177
2015-05-22,214.76029
2015-05-26,215.149098
2015-05-27,217.995135
2015-05-28,219.497872
2015-05-29,216.799157
2015-06-01,221.685523
2015-06-02,218.355493
2015-06-03,216.423591
2015-06-04,214.645214
2015-06-05,219.014376
2015-06-08,216.436445
2015-06-09,213.37743
2015-06-10,214.684248
2015-06-11,218.528125
2015-06-12,214.207047
2015-06-15,213.630152
2015-06-16,214.769325
2015-06-17,213.236175
2015-06-18,216.019298
2015-06-19,216.441419
2015-06-22,216.762905
2015-06-23,219.421171
2015-06-24,219.481925
2015-06-25,218.025935
2015-06-26,218.402912
2015-06-29,214.848236
2015-06-30,213.668908
2015-07-01,215.85286
2015-07-02,217.547301
2015-07-06,218.011729
2015-07-07,222.924888
2015-07-08,219.47133
2015-07-09,218.204105
2015-07-10,218.084755
2015-07-13,222.320771
2015-07-14,225.078289
2015-07-15,225.185336
2015-07-16,226.85545
2015-07-17,227.473313
2015-07-20,229.11981
2015-07-21,225.380404
2015-07-22,225.905512
2015-07-23,225.768003
2015-07-24,223.428263
2015-07-27,220.823449
2015-07-28,223.752571
2015-07-29,223.847154
2015-07-30,224.713604
2015-07-31,224.379736
2015-08-03,226.350188
2015-08-04,226.638346
2015-08-05,227.672462
2015-08-06,227.147567
2015-08-07,225.905939
2015-08-10,227.075015
2015-08-11,226.052165
2015-08-12,221.972179
2015-08-13,223.93761
2015-08-14,224.470983
2015-08-17,224.746265
2015-08-18,226.35306
2015-08-19,225.331589
2015-08-20,219.193634
2015-08-21,212.378695
2015-08-24,204.307886
2015-08-25,205.049048
2015-08-26,211.118497
2015-08-27,214.812929
2015-08-28,214.727219
2015-08-31,216.15052
2015-09-01,207.985036
2015-09-02,209.47277
2015-09-03,210.402743
2015-09-04,208.189385
2015-09-08,210.391873
2015-09-09,209.658536
2015-09-10,208.617467
2015-09-11,209.154267
2015-09-14,208.472863
2015-09-15,210.144052
2015-09-16,210.864983
2015-09-17,211.230152
2015-09-18,207.445101
2015-09-21,209.797611
2015-09-22,208.197055
2015-09-23,207.792336
2015-09-24,209.930649
2015-09-25,213.737733
2015-09-28,209.110635
2015-09-29,206.397341
2015-09-30,211.65106
2015-10-01,209.880773
2015-10-02,210.101542
2015-10-05,215.728693
2015-10-06,213.544084
2015-10-07,213.02168
2015-10-08,212.444807
2015-10-09,212.245163
2015-10-12,211.840643
2015-10-13,211.88262
2015-10-14,210.414933
2015-10-15,213.186956
2015-10-16,213.809124
2015-10-19,214.263185
2015-10-20,213.855993
2015-10-21,214.649873
2015-10-22,219.324243
2015-10-23,224.305439
2015-10-26,223.024752
2015-10-27,224.796007
2015-10-28,227.360365
2015-10-29,229.623763
2015-10-30,226.489253
2015-11-02,228.209616
2015-11-03,229.770606
2015-11-04,231.889253
2015-11-05,229.954657
2015-11-06,231.95644
2015-11-09,230.166313
2015-11-10,229.840927
2015-11-11,228.907895
2015-11-12,227.662902
2015-11-13,226.417559
2015-11-16,227.780599
2015-11-17,228.328039
2015-11-18,231.105121
2015-11-19,229.776431
2015-11-20,230.556716
2015-11-23,230.91622
2015-11-24,230.641103
2015-11-25,231.328079
2015-11-27,232.368888
2015-11-30,231.4055
2015-12-01,232.968942
2015-12-02,230.694461
2015-12-03,225.009954
2015-12-04,227.264884
2015-12-07,229.649328
2015-12-08,230.756242
2015-12-09,227.238386
2015-12-10,226.043097
2015-12-11,224.097905
2015-12-14,222.810837
2015-12-15,225.24804
2015-12-16,229.013794
2015-12-17,227.82977
2015-12-18,225.214056
2015-12-21,225.905529
2015-12-22,226.059499
2015-12-23,229.516844
2015-12-28,228.257365
2015-12-29,231.636255
2015-12-30,232.812014
2015-12-31,231.636344
2016-01-04,228.593033
2016-01-05,229.537676
2016-01-06,227.340807
2016-01-07,221.356606
2016-01-08,218.659654
2016-01-11,219.360682
2016-01-12,218.721959
2016-01-13,213.916949
2016-01-14,214.598794
2016-01-15,210.783258
2016-01-19,210.898427
2016-01-20,209.2512
2016-01-21,209.236066
2016-01-22,211.524106
2016-01-25,209.305342
2016-01-26,210.503598
2016-01-27,209.086625
2016-01-28,208.466966
2016-01-29,214.477903
2016-02-01,214.305452
2016-02-02,211.281871
2016-02-03,209.251838
2016-02-04,206.932949
2016-02-05,205.581299
2016-02-08,203.151796
2016-02-09,200.683724
2016-02-10,200.588797
2016-02-11,198.191882
2016-02-12,201.952481
2016-02-16,206.478652
2016-02-17,208.873564
2016-02-18,208.514238
2016-02-19,208.118009
2016-02-22,211.006188
2016-02-23,208.737076
2016-02-24,209.779958
2016-02-25,212.252988
2016-02-26,212.845802
2016-02-29,212.608126
2016-03-01,215.396901
2016-03-02,217.778501
2016-03-03,216.970319
2016-03-04,216.328592
2016-03-07,215.791753
2016-03-08,214.590991
2016-03-09,214.77746
2016-03-10,214.912699
2016-03-11,216.474249
2016-03-14,217.60147
2016-03-15,218.499291
2016-03-16,219.622901
2016-03-17,216.329617
2016-03-18,216.633488
2016-03-21,217.88161
2016-03-22,218.08022
2016-03-23,218.651068
2016-03-29,219.323289
2016-03-30,216.916223
2016-03-31,215.499913
2016-04-01,216.312498
2016-04-04,215.363999
2016-04-05,213.710086
2016-04-06,215.146316
2016-04-07,213.574909
2016-04-08,211.940289
2016-04-11,211.359727
2016-04-12,212.969365
2016-04-13,216.734136
2016-04-14,217.474154
2016-04-15,217.886551
2016-04-18,217.479802
2016-04-19,217.14807
2016-04-20,218.115027
2016-04-21,218.673608
2016-04-22,219.080861
2016-04-25,217.888654
2016-04-26,217.204377
2016-04-27,218.211869
2016-04-28,216.54373
2016-04-29,212.94447
2016-05-02,213.138289
2016-05-03,212.505294
2016-05-04,211.580466
2016-05-06,213.569691
2016-05-09,213.700144
2016-05-10,216.128468
2016-05-11,213.967063
2016-05-12,212.654338
2016-05-13,212.905926
2016-05-18,214.337902
2016-05-19,216.336573
2016-05-20,216.984332
2016-05-23,216.972989
2016-05-24,218.908767
2016-05-25,220.62795
2016-05-26,219.930418
2016-05-27,221.819988
2016-05-31,222.384278
2016-06-01,221.029461
2016-06-02,221.876975
2016-06-03,218.87307
2016-06-06,218.962312
2016-06-07,218.626626
2016-06-08,218.915033
2016-06-09,218.611289
2016-06-10,217.202273
2016-06-13,215.532681
2016-06-14,216.355835
2016-06-15,215.827224
2016-06-16,218.841777
2016-06-17,218.241336
2016-06-20,218.259623
2016-06-21,220.34816
2016-06-22,219.980166
2016-06-23,219.987719
2016-06-24,215.470258
2016-06-27,214.723929
2016-06-28,216.182713
2016-06-29,217.969526
2016-06-30,219.868704
2016-07-01,219.924725
2016-07-05,219.436511
2016-07-06,221.388711
2016-07-07,221.167246
2016-07-08,225.815697
2016-07-11,226.474861
2016-07-12,226.622473
2016-07-13,226.809514
2016-07-14,226.739552
2016-07-15,228.663558
2016-07-18,229.337259
2016-07-19,229.798382
2016-07-20,230.673003
2016-07-21,229.854036
2016-07-22,232.010874
2016-07-25,232.611341
2016-07-26,232.892118
2016-07-27,233.380083
2016-07-28,232.380667
2016-07-29,230.751395
2016-08-01,231.179499
2016-08-02,228.769513
2016-08-03,228.481032
2016-08-04,229.413093
2016-08-05,232.424239
2016-08-08,232.43257
2016-08-09,231.377446
2016-08-10,227.341977
2016-08-11,227.65607
2016-08-12,227.143806
2016-08-15,227.537007
2016-08-16,226.745875
2016-08-17,227.026833
2016-08-18,226.01664
2016-08-19,226.68681
2016-08-22,226.977999
2016-08-23,226.938366
2016-08-24,227.413117
2016-08-25,226.351836
2016-08-26,225.471077
2016-08-29,228.728503
2016-08-30,229.555751
2016-08-31,228.833149
2016-09-01,229.106781
2016-09-02,230.491346
2016-09-06,228.051806
2016-09-07,227.900857
2016-09-08,227.452903
2016-09-09,224.958817
2016-09-12,225.528684
2016-09-13,222.836047
2016-09-14,222.836744
2016-09-15,224.1221
2016-09-16,224.652609
2016-09-19,224.936224
2016-09-20,225.246481
2016-09-21,228.396292
2016-09-22,224.987805
2016-09-23,224.018217
2016-09-26,221.673375
2016-09-27,223.790964
2016-09-28,223.183572
2016-09-29,220.624003
2016-09-30,220.332242
2016-10-03,219.656103
2016-10-04,219.622667
2016-10-05,220.826874
2016-10-06,221.228522
2016-10-07,221.330955
2016-10-10,221.812302
2016-10-11,222.297452
2016-10-12,223.301774
2016-10-13,222.011422
2016-10-14,222.13974
2016-10-17,221.120502
2016-10-18,222.102445
2016-10-19,222.123747
2016-10-20,223.429843
2016-10-21,224.710845
2016-10-24,224.736472
2016-10-25,225.017876
2016-10-26,224.276162
2016-10-27,223.315059
2016-10-28,223.282102
2016-10-31,222.790362
2016-11-01,220.642016
2016-11-02,218.710491
2016-11-03,217.429224
2016-11-04,216.832217
2016-11-07,222.25652
2016-11-08,222.179082
2016-11-09,225.463423
2016-11-10,228.028486
2016-11-11,228.40961
2016-11-14,230.244984
2016-11-15,229.857659
2016-11-16,230.955509
2016-11-17,232.05199
2016-11-18,233.496119
2016-11-21,233.677682
2016-11-22,233.752614
2016-11-23,235.608084
2016-11-25,235.802817
2016-11-28,234.719507
2016-11-29,234.492921
2016-11-30,233.046263
2016-12-01,231.052571
2016-12-02,230.197732
2016-12-05,230.28367
2016-12-06,231.52082
2016-12-07,233.815978
2016-12-08,237.089877
2016-12-09,240.14609
2016-12-12,237.684553
2016-12-13,238.903009
2016-12-14,238.931744
2016-12-15,243.323773
2016-12-16,244.314792
2016-12-19,243.733036
2016-12-20,245.13142
2016-12-21,243.919545
2016-12-22,244.876915
2016-12-23,244.677506
2016-12-27,245.486267
2016-12-28,244.817404
2016-12-29,242.860141
2016-12-30,241.283116
2016-12-31,241.281111
2017-01-03,243.751105
2017-01-04,244.366317
2017-01-05,242.506009
2017-01-06,243.149618
2017-01-09,243.415097
2017-01-10,244.430063
2017-01-11,246.161816
2017-01-12,242.810522
2017-01-13,243.401415
2017-01-17,241.724737
2017-01-18,241.504347
2017-01-19,241.269882
2017-01-20,240.295353
2017-01-23,238.358604
2017-01-24,238.361984
2017-01-25,240.268412
2017-01-26,241.093934
2017-01-27,240.240274
2017-01-30,238.384017
2017-01-31,235.943389
2017-02-01,236.820709
2017-02-02,235.889187
2017-02-03,236.894076
2017-02-06,237.490731
2017-02-07,238.928774
2017-02-08,239.34128
2017-02-09,240.974717
2017-02-10,243.667903
2017-02-13,244.476358
2017-02-14,245.437594
2017-02-15,245.240844
2017-02-16,244.093678
2017-02-17,245.005577
2017-02-21,246.42783
2017-02-22,246.728789
2017-02-23,245.853242
2017-02-24,245.778138
2017-02-27,246.019311
2017-02-28,245.917131
2017-03-01,249.718778
2017-03-02,250.570459
2017-03-03,250.613659
2017-03-06,250.526449
2017-03-07,249.308203
2017-03-08,249.53113
2017-03-09,252.440683
2017-03-10,254.457768
2017-03-13,253.19
2017-03-14,253.755647
2017-03-15,255.416546
2017-03-16,254.312838
2017-03-17,252.621597
2017-03-20,252.507436
2017-03-21,250.275294
2017-03-22,249.958328
2017-03-23,250.701136
2017-03-24,251.198939
2017-03-27,250.541969
2017-03-28,253.072795
2017-03-29,253.986342
2017-03-30,254.681468
2017-03-31,255.352575
2017-04-03,254.978097
2017-04-04,255.264161
2017-04-05,254.54522
2017-04-06,254.912953
2017-04-07,255.516311
2017-04-10,255.701976
2017-04-11,254.729107
2017-04-12,253.681405
2017-04-18,251.250155
2017-04-19,252.229952
2017-04-20,254.827067
2017-04-21,256.672905
2017-04-24,257.203348
2017-04-25,258.44378
2017-04-26,259.671535
2017-04-27,259.804728
2017-04-28,258.415366
2017-05-02,260.613708
2017-05-03,260.87093
2017-05-04,262.719391
2017-05-05,262.117489
2017-05-08,263.407612
2017-05-09,263.80411
2017-05-10,262.465972
2017-05-11,261.434406
2017-05-12,261.375695
2017-05-15,261.399646
2017-05-16,260.15775
2017-05-18,255.459562
2017-05-19,255.368737
2017-05-22,255.78185
2017-05-23,256.277558
2017-05-24,257.572236
2017-05-26,258.240789
2017-05-30,259.735559
2017-05-31,259.302257
2017-06-01,261.553786
2017-06-02,262.990381
2017-06-06,262.955956
2017-06-07,263.656692
2017-06-08,263.092057
2017-06-09,263.295943
2017-06-12,261.999411
2017-06-13,262.091558
2017-06-14,260.409898
2017-06-15,262.47146
2017-06-16,262.22603
2017-06-19,263.993711
2017-06-20,265.187271
2017-06-21,264.116419
2017-06-22,262.676633
2017-06-23,261.807634
2017-06-26,263.352155
2017-06-27,260.591436
2017-06-28,263.272898
2017-06-29,259.634313
2017-06-30,258.795974
2017-07-03,258.892308
2017-07-05,260.099314
2017-07-06,257.151023
2017-07-07,257.888368
2017-07-10,257.837511
2017-07-11,257.317938
2017-07-12,258.175834
2017-07-13,257.879648
2017-07-14,257.622994
2017-07-17,255.764851
2017-07-18,253.444182
2017-07-19,254.493083
2017-07-20,254.143944
2017-07-21,252.947871
2017-07-24,252.360873
2017-07-25,252.179841
2017-07-26,252.517794
2017-07-27,251.405456
2017-07-28,250.295343
2017-07-31,249.889023
2017-08-01,250.8899
2017-08-02,250.469274
2017-08-03,250.637166
2017-08-04,252.651686
2017-08-07,252.798738
2017-08-08,252.059846
2017-08-09,252.154096
2017-08-10,248.717985
2017-08-11,248.824234
2017-08-14,249.729034
2017-08-15,250.549555
2017-08-16,251.118128
2017-08-17,248.043938
2017-08-18,247.384801
2017-08-21,246.230315
2017-08-22,248.281409
2017-08-23,246.807732
2017-08-24,245.424016
2017-08-25,244.0238
2017-08-28,243.879765
2017-08-29,242.586571
2017-08-30,244.952262
2017-08-31,246.193985
2017-09-01,247.296987
2017-09-05,245.069646
2017-09-06,245.883248
2017-09-07,245.724919
2017-09-08,245.811763
2017-09-11,251.220631
2017-09-12,251.613348
2017-09-13,252.939265
2017-09-14,253.588513
2017-09-15,251.848356
2017-09-18,251.427945
2017-09-19,252.043467
2017-09-20,251.915763
2017-09-21,251.272417
2017-09-22,250.785595
2017-09-25,250.999318
2017-09-26,253.360286
2017-09-27,255.754647
2017-09-28,255.812693
2017-09-29,257.470912
2017-10-02,259.018158
2017-10-03,259.193049
2017-10-04,258.375859
2017-10-05,260.421324
2017-10-06,260.978105
2017-10-09,259.628954
2017-10-10,259.30516
2017-10-11,258.978112
2017-10-12,257.894021
2017-10-13,258.303277
2017-10-16,258.610687
2017-10-17,260.557916
2017-10-18,261.372432
2017-10-19,261.081966
2017-10-20,262.659561
2017-10-23,262.486954
2017-10-24,262.559858
2017-10-25,262.412924
2017-10-26,266.616286
2017-10-27,269.416979
2017-10-30,268.589195
2017-10-31,269.525744
2017-11-01,269.33266
2017-11-02,269.009144
2017-11-03,270.701021
2017-11-06,270.70946
2017-11-07,270.984601
2017-11-08,271.39748
2017-11-09,268.8255
2017-11-10,267.991921
2017-11-13,269.078164
2017-11-14,270.238144
2017-11-15,270.064217
2017-11-16,270.240146
2017-11-17,271.750522
2017-11-20,272.775049
2017-11-21,272.506391
2017-11-22,271.772405
2017-11-24,270.715167
2017-11-27,270.845288
2017-11-28,274.853412
2017-11-29,275.184107
2017-11-30,278.771915
2017-12-01,278.156278
2017-12-04,278.992955
2017-12-05,277.299895
2017-12-06,275.424064
2017-12-07,277.101468
2017-12-08,278.999247
2017-12-11,281.938248
2017-12-12,281.894447
2017-12-13,282.361366
2017-12-14,278.631209
2017-12-15,281.383483
2017-12-18,283.962811
2017-12-19,283.962777
2017-12-20,284.336702
2017-12-21,284.958058
2017-12-22,283.06947
2017-12-27,281.978004
2017-12-28,281.445479
2017-12-29,278.560847
2017-12-31,278.55518
2018-01-02,278.845386
2018-01-03,279.365443
2018-01-04,280.710709
2018-01-05,281.262774
2018-01-08,282.533551
2018-01-09,284.252052
2018-01-10,282.21858
2018-01-11,282.049963
2018-01-12,281.488503
2018-01-16,279.032536
2018-01-17,279.629587
2018-01-18,278.569861
2018-01-19,280.722343
2018-01-22,282.815095
2018-01-23,282.718755
2018-01-24,280.597349
2018-01-25,277.316827
2018-01-26,279.74975
2018-01-29,279.332463
2018-01-30,276.518749
2018-01-31,275.117558
2018-02-01,274.884532
2018-02-02,271.870285
2018-02-05,264.961555
2018-02-06,266.465493
2018-02-07,267.504231
2018-02-08,262.097108
2018-02-09,265.022432
2018-02-12,266.672822
2018-02-13,265.958638
2018-02-14,267.2719
2018-02-15,269.349641
2018-02-16,268.628308
2018-02-20,270.303115
2018-02-21,269.224612
2018-02-22,270.574036
2018-02-23,272.415006
2018-02-26,274.539495
2018-02-27,272.904579
2018-02-28,270.787123
2018-03-01,267.926432
2018-03-02,265.15857
2018-03-05,267.484848
2018-03-06,267.349539
2018-03-07,267.820439
2018-03-08,270.603982
2018-03-09,271.471184
2018-03-12,271.259677
2018-03-13,268.916201
2018-03-14,268.198191
2018-03-15,267.040162
2018-03-16,267.479561
2018-03-19,265.210376
2018-03-20,265.05847
2018-03-21,265.315127
2018-03-22,261.058048
2018-03-23,256.194989
2018-03-26,258.349144
2018-03-27,257.307644
2018-03-28,260.313554
2018-04-03,260.702105
2018-04-04,262.311901
2018-04-05,265.052002
2018-04-06,261.050573
2018-04-09,260.761575
2018-04-10,265.337645
2018-04-11,263.043713
2018-04-12,265.161628
2018-04-13,263.996488
2018-04-16,265.974941
2018-04-17,267.733093
2018-04-18,267.809582
2018-04-19,267.39393
2018-04-20,267.608902
2018-04-23,269.17138
2018-04-24,268.120234
2018-04-25,269.625634
2018-04-26,271.993773
2018-04-27,271.890564
2018-04-30,272.349948
2018-05-02,274.618327
2018-05-03,272.928359
2018-05-04,275.474732
2018-05-07,275.518395
2018-05-08,278.25882
2018-05-09,277.992147
2018-05-11,278.215817
2018-05-14,279.048787
2018-05-15,280.933845
2018-05-16,281.206173
2018-05-18,281.275391
2018-05-22,280.457548
2018-05-23,281.339681
2018-05-24,280.014844
2018-05-25,281.359759
2018-05-29,281.525599
2018-05-30,281.480637
2018-05-31,279.959482
2018-06-01,282.097454
2018-06-04,281.947114
2018-06-05,282.220935
2018-06-06,282.514183
2018-06-07,281.005795
2018-06-08,281.822915
2018-06-11,281.72914
2018-06-12,281.476912
2018-06-13,280.91142
2018-06-14,283.419692
2018-06-15,284.420115
2018-06-18,283.245815
2018-06-19,283.945219
2018-06-20,283.249855
2018-06-21,280.460895
2018-06-22,280.848806
2018-06-25,277.37158
2018-06-26,277.84709
2018-06-27,277.165956
2018-06-28,278.853002
2018-06-29,278.747434
2018-07-02,279.199945
2018-07-03,277.408452
2018-07-05,276.325445
2018-07-06,277.889683
2018-07-09,279.445498
2018-07-10,281.234862
2018-07-11,278.813958
2018-07-12,282.575709
2018-07-13,284.141187
2018-07-16,283.129295
2018-07-17,284.499434
2018-07-18,286.796324
2018-07-19,288.327557
2018-07-20,286.988329
2018-07-23,286.500813
2018-07-24,287.567664
2018-07-25,289.687266
2018-07-26,289.558949
2018-07-27,289.001047
2018-07-30,286.231135
2018-07-31,287.219126
2018-08-01,287.374166
2018-08-02,289.211661
2018-08-03,290.683263
2018-08-06,291.266679
2018-08-07,291.13712
2018-08-08,291.649117
2018-08-09,293.102682
2018-08-10,292.341639
2018-08-13,291.569412
2018-08-14,293.467811
2018-08-15,293.966729
2018-08-16,295.156437
2018-08-17,296.897978
2018-08-20,298.180645
2018-08-21,297.413438
2018-08-22,295.265617
2018-08-23,294.357509
2018-08-24,295.306818
2018-08-27,297.624407
2018-08-28,298.305209
2018-08-29,300.190189
2018-08-30,298.290348
2018-08-31,298.552182
2018-09-04,298.721975
2018-09-05,296.928597
2018-09-06,296.006489
2018-09-07,295.757229
2018-09-10,294.709108
2018-09-11,294.451524
2018-09-12,291.528512
2018-09-13,292.146049
2018-09-14,293.193002
2018-09-17,289.834777
2018-09-18,290.613201
2018-09-19,291.636622
2018-09-20,294.239383
2018-09-21,294.015346
2018-09-24,292.610927
2018-09-25,292.091929
2018-09-26,291.749554
2018-09-27,292.498916
2018-09-28,292.064055
2018-10-01,293.241814
2018-10-02,292.725916
2018-10-03,293.429202
2018-10-04,292.445595
2018-10-05,291.723597
2018-10-08,291.781759
2018-10-09,290.973803
2018-10-10,281.146199
2018-10-11,276.044417
2018-10-12,276.983887
2018-10-15,275.433103
2018-10-16,279.801555
2018-10-17,281.50021
2018-10-18,278.763581
2018-10-19,278.428009
2018-10-22,278.499756
2018-10-23,277.000694
2018-10-24,271.691397
2018-10-25,274.164549
2018-10-26,271.87105
2018-10-29,271.541539
2018-10-30,275.263072
2018-10-31,278.984675
2018-11-01,280.179362
2018-11-02,280.05789
2018-11-05,279.609217
2018-11-06,281.525907
2018-11-07,284.767566
2018-11-08,285.075104
2018-11-09,285.169731
2018-11-12,282.223341
2018-11-13,282.662331
2018-11-14,281.394246
2018-11-15,283.086767
2018-11-16,282.413383
2018-11-19,280.592263
2018-11-20,277.972479
2018-11-21,279.155095
2018-11-23,279.329487
2018-11-26,282.712126
2018-11-27,283.677679
2018-11-28,288.250927
2018-11-29,286.170114
2018-11-30,289.303051
2018-12-03,290.638647
2018-12-04,282.163628
2018-12-06,279.729158
2018-12-07,274.673833
2018-12-10,274.579955
2018-12-11,275.95712
2018-12-12,278.712607
2018-12-13,278.824182
2018-12-14,275.919769
2018-12-17,271.999431
2018-12-18,274.033195
2018-12-19,270.650467
2018-12-20,266.503582
2018-12-21,264.194258
2018-12-27,270.169561
2018-12-28,269.4466
2018-12-31,269.01372
2019-01-02,269.793217
2019-01-03,266.740258
2019-01-04,270.228844
2019-01-07,270.250812
2019-01-08,273.100628
2019-01-09,273.359176
2019-01-10,273.31551
2019-01-11,274.811797
2019-01-14,274.436761
2019-01-15,275.915863
2019-01-16,276.878075
2019-01-17,279.087183
2019-01-18,281.818918
2019-01-22,280.489263
2019-01-23,280.342109
2019-01-24,280.013644
2019-01-25,281.088083
2019-01-28,279.073021
2019-01-29,278.976186
2019-01-30,280.748579
2019-01-31,281.667231
2019-02-01,282.191006
2019-02-04,284.639538
2019-02-05,286.636072
2019-02-06,287.415277
2019-02-07,286.209216
2019-02-08,287.126729
2019-02-11,290.462072
2019-02-12,292.397442
2019-02-13,292.366155
2019-02-14,292.559536
2019-02-15,294.94187
2019-02-19,293.901882
2019-02-20,295.150216
2019-02-21,295.238441
2019-02-22,296.1154
2019-02-25,296.4502
2019-02-26,296.5786
2019-02-27,294.226342
2019-02-28,293.9357
2019-03-01,295.843475
2019-03-04,298.427028
2019-03-05,298.675268
2019-03-06,297.005235
2019-03-07,297.325779
2019-03-08,296.951437
2019-03-11,297.635428
2019-03-12,297.118161
2019-03-13,296.970339
2019-03-14,297.1862
2019-03-15,297.5282
2019-03-18,299.4613
2019-03-19,298.585386
2019-03-20,297.996189
2019-03-21,297.982464
2019-03-22,297.087051
2019-03-25,294.077865
2019-03-26,296.665241
2019-03-27,299.147635
2019-03-28,299.571844
2019-03-29,300.363637
2019-04-01,302.674261
2019-04-02,304.152583
2019-04-03,303.884937
2019-04-04,304.59225
2019-04-05,306.704314
2019-04-08,305.0993
2019-04-09,303.500263
2019-04-10,303.057
2019-04-11,303.3469
2019-04-12,303.921908
2019-04-15,304.218856
2019-04-16,304.100355
2019-04-17,303.908847
2019-04-23,308.492869
2019-04-24,309.076753
2019-04-25,311.001161
2019-04-26,312.490175
2019-04-29,313.067755
2019-04-30,312.525124
2019-05-02,313.790109
2019-05-03,314.882279
2019-05-06,313.9718
2019-05-07,309.942712
2019-05-08,310.087783
2019-05-09,308.973934
2019-05-10,308.6515
2019-05-13,303.132561
2019-05-14,304.775956
2019-05-15,306.090418
2019-05-16,308.556338
2019-05-20,307.123014
2019-05-21,308.322453
2019-05-22,307.490298
2019-05-23,304.38841
2019-05-24,303.447402
2019-05-28,301.6837
2019-05-29,301.193536
2019-05-31,298.051513
2019-06-03,296.815998
2019-06-04,301.498085
2019-06-05,303.981099
2019-06-06,305.09276
2019-06-07,305.224171
2019-06-11,307.690955
2019-06-12,306.886507
2019-06-13,308.880812
2019-06-14,309.294937
2019-06-17,309.482
2019-06-18,313.2747
2019-06-19,314.400442
2019-06-20,312.047688
2019-06-21,310.2662
2019-06-24,308.2605
2019-06-25,307.1183
2019-06-26,305.3901
2019-06-27,307.4438
2019-06-28,309.6947
2019-07-01,312.767552
2019-07-02,313.9324
2019-07-03,315.4529
2019-07-05,317.2247
2019-07-08,316.0435
2019-07-09,316.4179
2019-07-10,315.1055
2019-07-11,314.3396
2019-07-12,315.3414
2019-07-15,315.1997
2019-07-16,314.4861
2019-07-17,314.1248
2019-07-18,314.977151
2019-07-19,313.400437
2019-07-22,314.8566
2019-07-23,320.1027
2019-07-24,319.2055
2019-07-25,318.676551
2019-07-26,322.1987
2019-07-29,321.093
2019-07-30,321.9622
2019-07-31,320.3981
2019-08-01,321.6044
2019-08-02,319.903105
2019-08-05,312.317
2019-08-06,313.1445
2019-08-07,316.0786
2019-08-08,320.2975
2019-08-09,316.2461
2019-08-12,314.5076
2019-08-13,317.1933
2019-08-14,311.9089
2019-08-15,312.8485
2019-08-16,316.3432
2019-08-19,319.025
2019-08-20,318.3844
2019-08-21,319.1497
2019-08-22,319.2934
2019-08-23,312.378
2019-08-26,315.549611
2019-08-27,316.8538
2019-08-28,318.7226
2019-08-29,323.5205
2019-08-30,325.171
2019-09-03,323.7911
2019-09-04,324.4236
2019-09-05,326.9404
2019-09-06,326.5725
2019-09-09,325.0458
2019-09-10,326.521254
2019-09-11,328.9783
2019-09-12,330.4104
2019-09-13,330.5635
2019-09-16,329.411395
2019-09-17,329.6796
2019-09-18,328.515346
2019-09-19,330.4922
2019-09-20,332.1137
2019-09-23,332.6653
2019-09-24,328.3166
2019-09-25,330.1907
2019-09-26,330.8912
2019-09-27,329.9074
2019-09-30,331.2978
2019-10-01,329.5547
2019-10-02,324.332
2019-10-03,324.8122
2019-10-04,327.8679
2019-10-07,328.138843
2019-10-08,325.3866
2019-10-09,327.7185
2019-10-10,328.1958
2019-10-11,330.862959
2019-10-14,331.5438
2019-10-15,335.6504
2019-10-16,337.407
2019-10-17,337.9917
2019-10-18,337.1984
2019-10-21,337.5291
2019-10-22,337.654566
2019-10-23,338.697253
2019-10-24,338.8074
2019-10-25,341.8934
2019-10-28,344.057572
2019-10-29,345.0042
2019-10-30,345.090016
2019-10-31,343.4334
2019-11-01,342.9529
2019-11-04,345.5172
2019-11-05,347.7898
2019-11-06,346.7757
2019-11-07,346.1688
2019-11-08,348.0237
2019-11-11,347.2204
2019-11-12,347.9581
2019-11-13,349.2625
2019-11-14,348.643444
2019-11-15,347.2739
2019-11-18,348.9208
2019-11-19,349.4889
2019-11-20,348.3878
2019-11-21,347.5591
2019-11-22,349.2089
2019-11-25,352.8643
2019-11-26,352.7316
2019-11-27,354.2604
2019-11-29,353.8174
2019-12-02,349.7249
2019-12-03,348.6174
2019-12-04,349.6168
2019-12-05,349.5987
2019-12-06,352.3323
2019-12-09,351.7071
2019-12-10,352.2482
2019-12-11,352.6048
2019-12-12,352.8421
2019-12-13,352.3178
2019-12-16,353.5852
2019-12-17,353.7286
2019-12-18,353.4165
2019-12-19,352.6828
2019-12-20,353.6661
2019-12-23,353.3079
2019-12-27,350.5255
2019-12-30,347.172432
2019-12-31,348.276512
2020-01-02,350.71842
2020-01-03,350.0145
2020-01-06,349.6942
2020-01-07,351.356451
2020-01-08,352.3948
2020-01-09,355.0876
2020-01-10,354.8561
2020-01-13,356.960088
2020-01-14,356.083
2020-01-15,356.1454
2020-01-16,359.2137
2020-01-17,361.5205
2020-01-21,362.7601
2020-01-22,363.9679
2020-01-23,364.7148
2020-01-24,363.889753
2020-01-27,361.8386
2020-01-28,364.5046
2020-01-29,365.6705
2020-01-30,367.4356
2020-01-31,362.6842
2020-02-03,366.3143
2020-02-04,369.4703
2020-02-05,372.4069
2020-02-06,375.1867
2020-02-07,374.945214
2020-02-10,376.2506
2020-02-11,376.126546
2020-02-12,376.9368
2020-02-13,378.137193
2020-02-14,378.126137
2020-02-18,378.834175
2020-02-19,379.341846
2020-02-20,378.764611
2020-02-21,375.378606
2020-02-24,365.632111
2020-02-25,358.005991
2020-02-26,356.869175
2020-02-27,344.28306
2020-02-28,341.334349
2020-03-02,348.249115
2020-03-03,338.178165
2020-03-04,349.546819
2020-03-05,342.648729
2020-03-06,335.076105
2020-03-09,317.914038
2020-03-10,331.626252
2020-03-11,319.718366
2020-03-12,305.497095
2020-03-13,319.876361
2020-03-16,295.089863
2020-03-17,311.970929
2020-03-18,314.435659
2020-03-19,321.725734
2020-03-20,325.915767
2020-03-23,305.862494
2020-03-24,327.060449
2020-03-25,329.250585
2020-03-26,330.054728
2020-03-27,324.591405
2020-03-30,335.690817
2020-03-31,329.469498
2020-04-01,313.003971
2020-04-02,317.616533
2020-04-03,317.036845
2020-04-06,333.675203
2020-04-07,328.821807
2020-04-08,337.956601
2020-04-14,350.833712
2020-04-15,348.007298
2020-04-16,348.648163
2020-04-17,353.749453
2020-04-20,350.300401
2020-04-21,344.494478
2020-04-22,359.466274
2020-04-23,353.241134
2020-04-24,359.335015
2020-04-27,362.379094
2020-04-28,356.801674
2020-04-29,363.281801
2020-04-30,355.814234
2020-05-04,351.411335
2020-05-05,351.741491
2020-05-06,350.738888
2020-05-07,353.701281
2020-05-08,356.755197
2020-05-11,358.882835
2020-05-12,350.671937
2020-05-13,344.208271
2020-05-14,347.783025
2020-05-15,350.336062
2020-05-18,355.121536
2020-05-19,348.73133
2020-05-20,352.545092
2020-05-22,353.141562
2020-05-26,355.261749
2020-05-27,361.1786
2020-05-28,357.751155
2020-05-29,355.228773
2020-06-02,354.64897
2020-06-03,358.433411
2020-06-04,351.827966
2020-06-05,358.189661
2020-06-08,361.130468
2020-06-09,358.774902
2020-06-10,361.492101
2020-06-11,348.399843
2020-06-12,355.679187
2020-06-15,355.012992
2020-06-16,362.659491
2020-06-17,359.763641
2020-06-18,359.049089
2020-06-19,361.333144
2020-06-22,363.607022
2020-06-23,360.599009
2020-06-24,356.1775
2020-06-25,362.766769
2020-06-26,358.406078
2020-06-29,359.636076
2020-06-30,362.124724
2020-07-01,359.099125
2020-07-02,362.571869
2020-07-06,362.376607
2020-07-07,361.697032
2020-07-08,361.557591
2020-07-09,361.172714
2020-07-10,363.45242
2020-07-13,360.606986
2020-07-14,364.599489
2020-07-15,364.93086
2020-07-16,362.060667
2020-07-17,364.072155
2020-07-20,365.476913
2020-07-21,362.310222
2020-07-22,362.868049
2020-07-23,361.668455
2020-07-24,359.553424
2020-07-27,358.9818
2020-07-28,357.855984
2020-07-29,359.584448
2020-07-30,360.366381
2020-07-31,357.878797
2020-08-03,363.365178
2020-08-04,364.485496
2020-08-05,360.738365
2020-08-06,362.621222
2020-08-07,364.812612
2020-08-10,364.243415
2020-08-11,362.569484
2020-08-12,364.862987
2020-08-13,362.712302
2020-08-14,363.139261
2020-08-17,363.431176
2020-08-18,363.310345
2020-08-19,362.602129
2020-08-20,366.394012
2020-08-21,370.555539
2020-08-24,371.597392
2020-08-25,372.5572
2020-08-26,373.83029
2020-08-27,373.419688
2020-08-28,370.829614
2020-08-31,365.087423
2020-09-01,369.194377
2020-09-02,377.02103
2020-09-03,370.718632
2020-09-04,368.752363
2020-09-08,366.202015
2020-09-09,369.936021
2020-09-10,365.22958
2020-09-11,366.797333
2020-09-14,369.833331
2020-09-15,372.969745
2020-09-16,371.121781
2020-09-17,370.844146
2020-09-18,367.805679
2020-09-21,372.074759
2020-09-22,375.28688
2020-09-23,372.436744
2020-09-24,377.550199
2020-09-25,381.815428
2020-09-28,385.287737
2020-09-29,381.463162
2020-09-30,379.758059
2020-10-01,380.107326
2020-10-02,376.659896
2020-10-05,379.151626
2020-10-06,378.363633
2020-10-07,384.7116
2020-10-08,386.55933
2020-10-09,384.513329
2020-10-12,388.711059
2020-10-13,389.618682
2020-10-14,387.182408
2020-10-15,392.585718
2020-10-16,391.752009
2020-10-19,385.439618
2020-10-20,385.147757
2020-10-21,381.838668
2020-10-22,382.875646
2020-10-23,386.351531
2020-10-26,379.301295
2020-10-27,373.384505
2020-10-28,369.98336
2020-10-29,381.501447
2020-10-30,376.210138
2020-11-02,381.761908
2020-11-03,380.442852
2020-11-04,386.682932
2020-11-05,387.807389
2020-11-06,389.489164
2020-11-09,387.592489
2020-11-10,388.370113
2020-11-11,394.079309
2020-11-12,391.974525
2020-11-13,397.674458
2020-11-16,397.886564
2020-11-17,397.804507
2020-11-18,392.784852
2020-11-19,395.138075
2020-11-20,392.318431
2020-11-23,395.43284
2020-11-24,396.760564
2020-11-25,393.430506
2020-11-27,394.215509
2020-11-30,392.64089
2020-12-01,395.659606
2020-12-02,396.488846
2020-12-03,393.628209
2020-12-04,398.218925
2020-12-07,394.595121
2020-12-08,397.260865
2020-12-09,397.677807
2020-12-10,394.82555
2020-12-11,396.889181
2020-12-14,392.91736
2020-12-15,396.387933
2020-12-16,396.088281
2020-12-17,394.033826
2020-12-18,393.896682
2020-12-21,394.297234
2020-12-22,396.962957
2020-12-23,393.842359
2020-12-28,398.354381
2020-12-29,397.251852
2020-12-30,394.017459
2020-12-31,395.78738
2021-01-04,391.579184
2021-01-05,392.752828
2021-01-06,391.768666
2021-01-07,397.181342
2021-01-08,398.110248
2021-01-11,401.525216
2021-01-12,401.035192
2021-01-13,399.812299
2021-01-14,399.152426
2021-01-15,399.373526
2021-01-19,401.147877
2021-01-20,403.778717
2021-01-21,400.101768
2021-01-22,402.923999
2021-01-25,406.550068
2021-01-26,404.306535
2021-01-27,400.078867
2021-01-28,401.912787
2021-01-29,391.682948
2021-02-01,399.664721
2021-02-02,405.743162
2021-02-03,405.095678
2021-02-04,409.94861
2021-02-05,407.494595
2021-02-08,408.931369
2021-02-09,408.065232
2021-02-10,406.551915
2021-02-11,408.416636
2021-02-12,410.801875
2021-02-16,409.451869
2021-02-17,413.078402
2021-02-18,409.692522
2021-02-19,407.769396
2021-02-22,407.334485
2021-02-23,406.816886
2021-02-24,407.039891
2021-02-25,398.502515
2021-02-26,404.126894
2021-03-01,409.650536
2021-03-02,404.893426
2021-03-03,400.121729
2021-03-04,394.682184
2021-03-05,402.992028
2021-03-08,399.709067
2021-03-09,403.55233
2021-03-10,404.394447
2021-03-11,407.400263
2021-03-12,408.269248
2021-03-15,412.417699
2021-03-16,412.191695
2021-03-17,414.045237
2021-03-18,407.740899
2021-03-19,411.131977
2021-03-22,410.412396
2021-03-23,410.686213
2021-03-24,407.974766
2021-03-25,413.944197
2021-03-26,415.812824
2021-03-29,414.402222
2021-03-30,413.219461
2021-03-31,413.591227
2021-04-06,421.709601
2021-04-07,419.303234
2021-04-08,423.477076
2021-04-09,427.074812
2021-04-12,425.283441
2021-04-13,427.939414
2021-04-14,421.581327
2021-04-15,425.403337
2021-04-16,426.411009
2021-04-19,422.00859
2021-04-20,418.83053
2021-04-21,422.317293
2021-04-22,421.181253
2021-04-23,423.324429
2021-04-26,422.595086
2021-04-27,422.264549
2021-04-28,419.246105
2021-04-29,420.248612
2021-04-30,421.372113
2021-05-03,421.476725
2021-05-04,419.941953
2021-05-05,422.943595
2021-05-06,423.929794
2021-05-07,423.263911
2021-05-10,421.460336
2021-05-11,418.178955
2021-05-12,412.963676
2021-05-14,418.42047
2021-05-18,415.182394
2021-05-19,417.554746
2021-05-20,422.128587
2021-05-21,426.426125
2021-05-25,425.799401
2021-05-26,428.296559
2021-05-27,428.032768
2021-05-28,430.250748
2021-06-01,427.438338
2021-06-02,428.758297
2021-06-03,430.60018
2021-06-04,430.638181
2021-06-07,429.262325
2021-06-08,428.280496
2021-06-09,428.564082
2021-06-10,430.50939
2021-06-11,434.208692
2021-06-14,433.530637
2021-06-15,434.694367
2021-06-16,435.983584
2021-06-17,440.006175
2021-06-18,444.13734
2021-06-21,442.844487
2021-06-22,445.873902
2021-06-23,440.825801
2021-06-24,443.779417
2021-06-25,443.199623
2021-06-28,446.339332
2021-06-29,447.6426
2021-06-30,449.137983
2021-07-01,451.067488
2021-07-02,454.509525
2021-07-06,457.425295
2021-07-07,460.511033
2021-07-08,460.173311
2021-07-09,459.262417
2021-07-12,460.832916
2021-07-13,462.617627
2021-07-14,462.299491
2021-07-15,463.67864
2021-07-16,462.495263
2021-07-19,460.681387
2021-07-20,470.646655
2021-07-21,468.439531
2021-07-22,465.564463
2021-07-23,472.648764
2021-07-26,470.077353
2021-07-27,470.746775
2021-07-28,469.846836
2021-07-29,467.535745
2021-07-30,469.288947
2021-08-02,468.541607
2021-08-03,472.79504
2021-08-04,471.969872
2021-08-05,472.979634
2021-08-06,476.458288
2021-08-09,480.034379
2021-08-10,479.16899
2021-08-11,477.502428
2021-08-12,477.700094
2021-08-13,476.173793
2021-08-16,477.941999
2021-08-17,477.266562
2021-08-18,474.702959
2021-08-19,479.4693
2021-08-20,482.94382
2021-08-23,480.690035
2021-08-24,477.538083
2021-08-25,478.801247
2021-08-26,475.511645
2021-08-27,474.023978
2021-08-30,471.58827
2021-08-31,473.983046
2021-09-01,474.501966
2021-09-02,473.779104
2021-09-03,475.544356
2021-09-07,475.765916
2021-09-08,476.108779
2021-09-09,470.98569
2021-09-10,467.646005
2021-09-13,467.799492
2021-09-14,466.524057
2021-09-15,465.69714
2021-09-16,468.424089
2021-09-17,466.574843
2021-09-20,460.755667
2021-09-21,459.690037
2021-09-22,459.845207
2021-09-23,461.262561
2021-09-24,463.0216
2021-09-27,461.303427
2021-09-28,455.323895
2021-09-29,459.104347
2021-09-30,455.3496
2021-10-01,452.744651
2021-10-04,444.953176
2021-10-05,446.356433
2021-10-06,450.359735
2021-10-07,452.89409
2021-10-08,450.679878
2021-10-11,449.530949
2021-10-12,448.183102
2021-10-13,449.72293
2021-10-14,452.740445
2021-10-15,453.770902
2021-10-18,455.263527
2021-10-19,454.551614
2021-10-20,456.572644
2021-10-21,455.835117
2021-10-22,456.742881
2021-10-25,458.169309
2021-10-26,459.860371
2021-10-27,461.020434
2021-10-28,459.898362
2021-10-29,466.901892
2021-11-01,465.654107
2021-11-02,473.130208
2021-11-03,476.712372
2021-11-04,480.14341
2021-11-05,481.15941
2021-11-08,478.941402
2021-11-09,478.514589
2021-11-10,478.8435
2021-11-11,482.117712
2021-11-12,487.442866
2021-11-15,488.029718
2021-11-16,490.083495
2021-11-17,489.658937
2021-11-18,495.909471
2021-11-19,497.499618
2021-11-22,496.367362
2021-11-23,496.161184
2021-11-24,499.593698
2021-11-26,495.755464
2021-11-29,497.210587
2021-11-30,492.19559
2021-12-01,485.931212
2021-12-02,492.830887
2021-12-03,493.582075
2021-12-06,495.21053
2021-12-07,501.006344
2021-12-08,495.433787
2021-12-09,499.320917
2021-12-10,497.204801
2021-12-13,499.842525
2021-12-14,497.758801
2021-12-15,503.969356
2021-12-16,496.114759
2021-12-17,492.547938
2021-12-20,489.774331
2021-12-21,492.783977
2021-12-22,493.165786
2021-12-23,493.755164
2021-12-27,499.193246
2021-12-28,497.959403
2021-12-29,496.336735
2021-12-30,496.851939
2021-12-31,496.703758
2022-01-03,501.790773
2022-01-04,500.015348
2022-01-05,490.975028
2022-01-06,493.710583
2022-01-07,490.451864
2022-01-10,489.756016
2022-01-11,490.80367
2022-01-12,486.947939
2022-01-13,480.529479
2022-01-14,482.84224
2022-01-18,478.288753
2022-01-19,473.551091
2022-01-20,469.407073
2022-01-21,468.1009
2022-01-24,471.812577
2022-01-25,464.746623
2022-01-26,460.835967
2022-01-27,460.155753
2022-01-28,470.5519
2022-01-31,474.735611
2022-02-01,475.323062
2022-02-02,477.138254
2022-02-03,465.03478
2022-02-04,468.34239
2022-02-07,467.382578
2022-02-08,472.765206
2022-02-09,478.455028
2022-02-10,470.728927
2022-02-11,464.916733
2022-02-14,465.760141
2022-02-15,473.441752
2022-02-16,473.475015
2022-02-17,466.604797
2022-02-18,466.349929
2022-02-22,455.54
2022-02-23,448.742826
2022-02-24,459.086167
2022-02-25,458.81936
2022-02-28,455.384242
2022-03-01,450.794007
2022-03-02,459.771695
2022-03-03,456.651185
2022-03-04,452.321111
2022-03-07,443.5851
2022-03-08,436.759298
2022-03-09,447.341284
2022-03-10,447.62374
2022-03-11,442.054982
2022-03-14,443.36617
2022-03-15,449.71883
2022-03-16,456.61171
2022-03-17,456.446571
2022-03-18,459.367027
2022-03-21,457.68776
2022-03-22,463.918159
2022-03-23,457.323581
2022-03-24,458.802231
2022-03-25,458.894316
2022-03-28,466.653266
2022-03-29,470.008475
2022-03-30,463.038184
2022-03-31,465.61615
2022-04-01,466.783238
2022-04-04,467.29983
2022-04-05,463.015059
2022-04-06,460.010775
2022-04-07,462.038335
2022-04-08,459.196226
2022-04-11,455.799794
2022-04-12,451.239019
2022-04-13,459.548355
2022-04-19,458.776508
2022-04-20,459.515719
2022-04-21,456.586157
2022-04-22,450.046546
2022-04-25,459.220897
2022-04-26,452.683754
2022-04-27,459.105976
2022-04-28,469.628131
2022-04-29,454.363554
2022-05-02,462.416688
2022-05-03,460.587832
2022-05-04,470.480344
2022-05-05,460.790857
2022-05-06,454.572255
2022-05-09,450.966364
2022-05-10,453.300244
2022-05-11,448.481996
2022-05-12,453.870878
2022-05-13,462.446784
2022-05-16,462.844339
2022-05-18,453.952983
2022-05-19,449.389068
2022-05-20,452.335148
2022-05-23,454.6819
2022-05-24,449.237499
2022-05-25,453.235605
2022-05-27,465.22484
2022-05-31,458.757236
2022-06-01,457.226389
2022-06-02,463.71571
2022-06-03,458.6786
2022-06-07,465.144624
2022-06-08,459.949368
2022-06-09,454.740711
2022-06-10,446.686217
2022-06-13,441.106676
2022-06-14,441.2463
2022-06-15,447.891365
2022-06-16,436.639973
2022-06-17,436.755512
2022-06-21,436.086696
2022-06-22,438.664284
2022-06-23,443.582711
2022-06-24,452.1315
2022-06-27,449.338664
2022-06-28,443.760748
2022-06-29,444.05132
2022-06-30,439.849709
2022-07-01,446.649028
2022-07-05,451.304932
2022-07-06,453.681669
2022-07-07,459.10615
2022-07-08,459.882022
2022-07-11,458.325822
2022-07-12,456.685367
2022-07-13,451.863184
2022-07-14,454.639009
2022-07-15,456.942668
2022-07-18,451.142569
2022-07-19,455.621664
2022-07-20,460.577485
2022-07-21,465.498649
2022-07-22,459.709665
2022-07-25,457.89506
2022-07-26,454.088025
2022-07-27,461.007038
2022-07-28,464.72378
2022-07-29,465.7859
2022-08-01,462.323194
2022-08-02,465.570646
2022-08-03,470.854566
2022-08-04,472.178274
2022-08-05,472.945783
2022-08-08,469.779462
2022-08-09,467.332982
2022-08-10,467.767639
2022-08-11,466.926265
2022-08-12,477.262016
2022-08-15,483.917562
2022-08-16,482.832512
2022-08-17,481.659358
2022-08-18,480.977947
2022-08-19,479.880915
2022-08-22,472.174373
2022-08-23,465.483405
2022-08-24,463.744019
2022-08-25,470.290297
2022-08-26,458.266121
2022-08-29,457.9753
2022-08-30,456.46991
2022-08-31,457.704626
2022-09-01,460.636706
2022-09-02,455.483403
2022-09-06,454.223731
2022-09-07,461.51634
2022-09-08,467.071809
2022-09-09,467.751767
2022-09-12,469.87185
2022-09-13,462.858503
2022-09-14,463.988601
2022-09-15,462.314091
2022-09-16,460.473989
2022-09-19,465.244257
2022-09-20,462.639968
2022-09-21,455.227824
2022-09-22,455.827603
2022-09-23,454.650185
2022-09-26,453.917315
2022-09-27,454.700157
2022-09-28,463.133782
2022-09-29,454.079853
2022-09-30,455.977993
2022-10-03,457.786683
2022-10-04,464.893156
2022-10-05,467.533926
2022-10-06,465.153794
2022-10-07,453.683085
2022-10-10,450.263506
2022-10-11,449.154083
2022-10-12,448.256583
2022-10-13,453.947643
2022-10-14,445.517363
2022-10-17,450.830032
2022-10-18,456.559519
2022-10-19,454.859239
2022-10-20,450.622507
2022-10-21,458.977872
2022-10-24,461.434176
2022-10-25,463.860267
2022-10-26,457.859371
2022-10-27,454.747597
2022-10-28,465.705299
2022-10-31,465.860682
2022-11-01,463.459049
2022-11-02,455.933342
2022-11-03,458.598652
2022-11-04,453.838743
2022-11-07,456.490086
2022-11-08,458.44143
2022-11-09,456.999432
2022-11-10,469.268379
2022-11-11,467.211741
2022-11-14,467.850413
2022-11-15,470.582097
2022-11-16,468.1057
2022-11-17,473.463328
2022-11-18,476.418326
2022-11-21,479.025021
2022-11-22,477.908641
2022-11-23,473.553045
2022-11-25,470.41123
2022-11-28,468.6365
2022-11-29,467.796402
2022-11-30,478.012729
2022-12-01,470.957989
2022-12-02,473.703233
2022-12-05,469.264445
2022-12-06,468.32
2022-12-07,468.256001
2022-12-08,469.340067
2022-12-09,468.195714
2022-12-12,472.972822
2022-12-13,467.3448
2022-12-14,465.161271
2022-12-15,456.9044
2022-12-16,454.906443
2022-12-19,453.050813
2022-12-20,451.663105
2022-12-21,455.361223
2022-12-22,451.220363
2022-12-23,453.513882
2022-12-27,449.603878
2022-12-28,448.529174
2022-12-29,454.958764
2022-12-30,451.73704
2022-12-31,451.734611
2023-01-03,460.133035
2023-01-04,466.851385
2023-01-05,468.874795
2023-01-06,468.480389
2023-01-09,463.534088
2023-01-10,470.880486
2023-01-11,476.822627
2023-01-12,476.529942
2023-01-13,476.841164
2023-01-17,476.0797
2023-01-18,471.310287
2023-01-19,470.533335
2023-01-20,475.76252
2023-01-23,476.391462
2023-01-24,479.591052
2023-01-25,482.818313
2023-01-26,485.465561
2023-01-27,486.228112
2023-01-30,483.571316
2023-01-31,490.707458
2023-02-01,494.87592
2023-02-02,502.805218
2023-02-03,504.032689
2023-02-06,509.663809
2023-02-07,516.761102
2023-02-08,509.848935
2023-02-09,498.239971
2023-02-10,497.676958
2023-02-13,501.043689
2023-02-14,503.935884
2023-02-15,508.26056
2023-02-16,505.232442
2023-02-17,506.377041
2023-02-21,496.154124
2023-02-22,497.775473
2023-02-23,498.158063
2023-02-24,497.797716
2023-02-27,497.545996
2023-02-28,496.113002
2023-03-01,497.224612
2023-03-02,501.256753
2023-03-03,508.875717
2023-03-06,509.573874
2023-03-07,512.467153
2023-03-08,511.652877
2023-03-09,506.038789
2023-03-10,496.369629
2023-03-13,491.814052
2023-03-14,498.997349
2023-03-15,504.554886
2023-03-16,511.328441
2023-03-17,503.044611
2023-03-20,505.187558
2023-03-21,506.496639
2023-03-22,498.408621
2023-03-23,491.170857
2023-03-24,500.066664
2023-03-27,502.633238
2023-03-28,497.642259
2023-03-29,505.416607
2023-03-30,508.609814
2023-03-31,517.929927
2023-04-03,511.877984
2023-04-04,509.166879
2023-04-05,514.543411
2023-04-11,524.403561
2023-04-12,518.081147
2023-04-13,517.77682
2023-04-14,518.992329
2023-04-17,524.173325
2023-04-18,525.614441
2023-04-19,529.835782
2023-04-20,528.818635
2023-04-21,530.724128
2023-04-24,529.046948
2023-04-25,527.33667
2023-04-26,523.57469
2023-04-27,531.929043
2023-04-28,537.912777
2023-05-02,538.557568
2023-05-03,535.115772
2023-05-04,529.32042
2023-05-05,530.4013
2023-05-08,527.471349
2023-05-09,529.183
2023-05-10,526.541867
2023-05-11,533.318091
2023-05-12,534.5493
2023-05-15,533.124492
2023-05-16,533.800573
2023-05-19,550.078847
2023-05-22,551.83212
2023-05-23,548.28532
2023-05-24,543.751474
2023-05-25,549.636
2023-05-26,557.866833
2023-05-30,562.697585
2023-05-31,555.71875
2023-06-01,560.43582
2023-06-02,563.922816
2023-06-05,564.878428
2023-06-06,568.320017
2023-06-07,563.394989
2023-06-08,559.263617
2023-06-09,552.38889
2023-06-12,560.610913
2023-06-13,555.304637
2023-06-14,551.927693
2023-06-15,556.645508
2023-06-16,558.000757
2023-06-20,565.139889
2023-06-21,557.800803
2023-06-22,554.556229
2023-06-23,562.393185
2023-06-26,552.579022
2023-06-27,560.252907
2023-06-28,564.109479
2023-06-29,563.727235
2023-06-30,566.917673
2023-07-03,567.143892
2023-07-05,562.552707
2023-07-06,563.259952
2023-07-07,554.2708
2023-07-10,550.763422
2023-07-11,547.097871
2023-07-12,539.55007
2023-07-13,538.14141
2023-07-14,539.213354
2023-07-17,540.1127
2023-07-18,545.525774
2023-07-19,545.927994
2023-07-20,542.985308
2023-07-21,545.601921
2023-07-24,546.221313
2023-07-25,549.011258
2023-07-26,550.728764
2023-07-27,548.649745
2023-07-28,555.156311
2023-07-31,553.540302
2023-08-01,554.697649
2023-08-02,552.100373
2023-08-03,548.067178
2023-08-04,539.441137
2023-08-07,545.106024
2023-08-08,550.786211
2023-08-09,542.684475
2023-08-10,544.276299
2023-08-11,552.403391
2023-08-14,556.836798
2023-08-15,552.425124
2023-08-16,551.707225
2023-08-17,547.435425
2023-08-18,551.394019
2023-08-21,552.638779
2023-08-22,552.166664
2023-08-23,558.067965
2023-08-24,554.921041
2023-08-25,558.518964
2023-08-28,562.060832
2023-08-29,567.724213
2023-08-30,564.753583
2023-08-31,567.835565
2023-09-01,568.743431
2023-09-05,571.57096
2023-09-06,567.895564
2023-09-07,564.35076
2023-09-08,562.375773
2023-09-11,565.490581
2023-09-12,565.775268
2023-09-13,565.770115
2023-09-14,572.171387
2023-09-15,570.188389
2023-09-18,571.373184
2023-09-19,566.721297
2023-09-20,562.012822
2023-09-21,556.390724
2023-09-22,552.295227
2023-09-25,557.381064
2023-09-26,549.155161
2023-09-27,546.465217
2023-09-28,549.045473
2023-09-29,543.424219
2023-10-02,549.732241
2023-10-03,548.975383
2023-10-04,555.2024
2023-10-05,553.667902
2023-10-06,560.055133
2023-10-09,553.769888
2023-10-10,559.642618
2023-10-11,562.372953
2023-10-12,564.405849
2023-10-13,561.913417
2023-10-16,565.040011
2023-10-17,565.886327
2023-10-18,563.684776
2023-10-19,557.670199
2023-10-20,551.707248
2023-10-23,553.584955
2023-10-24,559.614707
2023-10-25,553.540142
2023-10-26,550.241829
2023-10-27,544.977934
2023-10-30,549.607997
2023-10-31,553.108625
2023-11-01,561.744183
2023-11-02,570.222729
2023-11-03,569.835782
2023-11-06,569.799842
2023-11-07,578.289646
2023-11-08,578.295316
2023-11-09,572.401685
2023-11-10,579.081273
2023-11-13,577.461433
2023-11-14,579.970519
2023-11-15,574.593173
2023-11-16,579.445642
2023-11-17,580.205209
2023-11-20,576.354731
2023-11-21,572.552449
2023-11-22,581.486125
2023-11-24,577.209761
2023-11-27,575.83912
2023-11-28,574.614189
2023-11-29,575.750746
2023-11-30,583.760813
2023-12-01,583.486014
2023-12-04,588.840049
2023-12-05,590.943268
2023-12-06,592.576539
2023-12-07,592.181418
2023-12-08,594.235158
2023-12-11,601.437831
2023-12-12,603.705187
2023-12-13,606.902909
2023-12-14,586.848512
2023-12-15,587.049472
2023-12-18,584.197209
2023-12-19,580.436785
2023-12-20,576.036763
2023-12-21,579.585841
2023-12-22,577.23218
2023-12-27,573.832378
2023-12-28,578.214046
2023-12-29,577.377028
2023-12-31,577.376467
2024-01-02,582.616421
2024-01-03,579.283978
2024-01-04,575.443771
2024-01-05,572.9547
2024-01-08,585.808218
2024-01-09,586.09388
2024-01-10,586.854257
2024-01-11,585.99179
2024-01-12,583.315197
2024-01-16,590.4867
2024-01-17,590.350369
2024-01-18,594.295161
2024-01-19,598.913851
2024-01-22,601.250245
2024-01-23,603.145231
2024-01-24,600.759035
2024-01-25,603.47866
2024-01-26,600.660821
2024-01-29,607.83622
2024-01-30,608.65503
2024-01-31,601.5721
2024-02-01,606.323997
2024-02-02,618.919648
2024-02-05,621.167934
2024-02-06,620.289371
2024-02-07,620.513896
2024-02-08,623.641258
2024-02-09,622.57646
2024-02-12,619.464191
2024-02-13,620.523748
2024-02-14,621.498835
2024-02-15,623.563983
2024-02-16,620.839844
2024-02-20,616.429854
2024-02-21,617.040742
2024-02-22,629.513815
2024-02-23,631.540649
2024-02-26,629.02893
2024-02-27,630.859814
2024-02-28,632.450543
2024-02-29,636.313172
2024-03-01,636.542534
2024-03-04,638.198135
2024-03-05,632.111767
2024-03-06,633.86331
2024-03-07,636.496432
2024-03-08,631.199923
2024-03-11,634.310198
2024-03-12,643.804989
2024-03-13,640.514997
2024-03-14,642.989482
2024-03-15,641.906063
2024-03-18,647.948418
2024-03-19,650.92616
2024-03-20,655.519522
2024-03-21,660.464517
2024-03-22,663.378654
2024-03-25,659.505299
2024-03-26,660.745623
2024-03-27,667.746782
2024-04-02,665.265409
2024-04-03,659.746547
2024-04-04,651.795654
2024-04-05,658.380974
2024-04-08,656.223658
2024-04-09,656.431986
2024-04-10,658.7039
2024-04-11,664.448908
2024-04-12,658.746031
2024-04-15,655.374187
2024-04-16,652.483199
2024-04-17,652.028398
2024-04-18,652.001142
2024-04-19,645.4678
2024-04-22,652.813068
2024-04-23,655.455738
2024-04-24,659.087042
2024-04-25,655.786201
2024-04-26,663.758122
2024-04-29,664.102432
2024-04-30,660.602182
2024-05-02,663.176451
2024-05-03,658.782757
2024-05-06,662.61067
2024-05-07,668.06783
2024-05-08,668.524592
2024-05-10,670.66849
2024-05-13,667.97401
2024-05-14,671.181093
2024-05-15,674.30077
2024-05-16,671.0963
2024-05-21,670.702308
2024-05-22,670.018724
2024-05-23,663.890365
2024-05-24,661.786592
2024-05-28,657.346493
2024-05-29,655.292219
2024-05-30,651.250502
2024-05-31,654.496788
2024-06-03,654.3912
2024-06-04,660.749643
2024-06-05,667.715906
2024-06-06,668.671049
2024-06-07,672.392162
2024-06-10,673.45443
2024-06-11,675.805221
2024-06-12,668.381597
2024-06-13,674.452999
2024-06-14,676.296195
2024-06-17,680.859129
2024-06-18,676.19004
2024-06-20,670.316522
2024-06-21,671.606424
2024-06-24,670.137148
2024-06-25,675.679107
2024-06-26,680.341634
2024-06-27,678.965557
2024-06-28,676.97358
2024-07-01,680.208736
2024-07-02,684.728849
2024-07-03,679.897124
2024-07-05,685.32343
2024-07-08,686.289127
2024-07-09,687.77753
2024-07-10,701.163759
2024-07-11,698.609317
2024-07-12,704.814916
2024-07-15,708.77922
2024-07-16,715.089842
2024-07-17,702.174544
2024-07-18,697.810967
2024-07-19,700.405991
2024-07-22,712.757404
2024-07-23,715.84
2024-07-24,701.329554
2024-07-25,696.72
2024-07-26,703.619926
2024-07-29,702.393894
2024-07-30,697.712343
2024-07-31,706.966287
2024-08-01,693.706122
2024-08-02,683.862804
2024-08-05,667.466319
2024-08-06,667.865847
2024-08-07,656.115391
2024-08-08,672.972451
2024-08-09,674.033697
2024-08-12,671.767516
2024-08-13,682.74503
2024-08-14,680.187078
2024-08-15,691.438791
2024-08-16,697.022944
2024-08-19,693.038329
2024-08-20,688.473941
2024-08-21,691.097776
2024-08-22,691.59354
2024-08-23,694.836709
2024-08-26,694.195814
2024-08-27,692.680501
2024-08-28,689.372693
2024-08-29,691.573434
2024-08-30,702.659417
2024-09-03,696.928558
2024-09-04,688.066654
2024-09-05,688.558275
2024-09-06,679.205544
2024-09-09,697.21647
2024-09-10,698.298819
2024-09-11,706.230099
2024-09-12,705.681279
2024-09-13,701.850873
2024-09-16,700.950123
2024-09-17,699.681469
2024-09-18,697.728175
2024-09-19,703.835458
2024-09-20,702.883316
2024-09-23,701.24617
2024-09-24,700.899105
2024-09-25,705.500978
2024-09-26,710.271053
2024-09-27,709.927921
2024-09-30,712.370549
2024-10-01,710.200818
2024-10-02,708.57894
2024-10-03,709.120488
2024-10-04,716.631001
2024-10-07,710.660351
2024-10-08,719.333854
2024-10-09,728.176212
2024-10-10,725.003498
2024-10-11,726.221161
2024-10-14,735.015142
2024-10-15,732.037904
2024-10-16,740.292099
2024-10-17,742.418714
2024-10-18,745.247045
2024-10-21,744.186997
2024-10-22,739.9933
2024-10-23,740.132277
2024-10-24,738.672398
2024-10-25,735.510435
2024-10-28,741.941282
2024-10-29,740.590258
2024-10-30,736.830349
2024-10-31,730.801651
2024-11-01,734.476613
2024-11-04,729.6
2024-11-05,735.700435
2024-11-06,754.187767
2024-11-07,744.809584
2024-11-08,757.687904
2024-11-11,762.485216
2024-11-12,760.803898
2024-11-13,761.195587
2024-11-14,757.195248
2024-11-15,749.062402
2024-11-18,748.04605
2024-11-19,746.392459
2024-11-20,751.401238
2024-11-21,754.725464
2024-11-22,760.891018
2024-11-25,763.71195
2024-11-26,770.476802
2024-11-27,761.302313
2024-11-29,766.318114
2024-12-02,774.012993
2024-12-03,770.430167
2024-12-04,773.536219
2024-12-05,773.870643
2024-12-06,781.643247
2024-12-09,774.044333
2024-12-10,776.002225
2024-12-11,780.538669
2024-12-12,776.20837
2024-12-13,774.806266
2024-12-16,777.190848
2024-12-17,777.486071
2024-12-18,761.143303
2024-12-19,766.756498
2024-12-20,771.52372
2024-12-23,774.822439
2024-12-27,776.714063
2024-12-30,770.165221
2024-12-31,766.483394
2025-01-02,766.321888
2025-01-03,773.87174
2025-01-06,772.041063
2025-01-07,769.756392
2025-01-08,775.022296
2025-01-10,768.060755
2025-01-13,768.943478
2025-01-14,763.478357
2025-01-15,772.325644
2025-01-16,774.730918
2025-01-17,784.493124
2025-01-21,787.704781
2025-01-22,788.326513
2025-01-23,792.537187
2025-01-24,785.226681
2025-01-27,779.841234
2025-01-28,789.200024
2025-01-29,787.49
2025-01-30,791.368829
2025-01-31,789.843228
2025-02-03,786.794765
2025-02-04,783.960547
2025-02-05,785.120786
2025-02-06,790.360292
2025-02-07,784.629334
2025-02-10,786.275942
2025-02-11,787.419608
2025-02-12,789.524133
2025-02-13,794.353762
2025-02-14,789.201462
2025-02-18,794.039154
2025-02-19,792.9755
2025-02-20,789.282331
2025-02-21,779.205983
2025-02-24,775.593296
2025-02-25,773.237329
2025-02-26,775.708013
2025-02-27,771.220068
2025-02-28,779.422624
2025-03-03,765.797172
2025-03-04,759.839374
2025-03-05,753.917364
2025-03-06,738.004179
2025-03-07,737.64909
2025-03-10,716.130112
2025-03-11,705.275552
2025-03-12,705.149928
2025-03-13,700.218245
2025-03-14,711.939609
2025-03-17,709.734257
2025-03-18,707.534556
2025-03-19,714.073978
2025-03-20,711.361527
2025-03-21,709.18033
2025-03-24,716.422006
2025-03-25,716.175801
2025-03-26,710.971713
2025-03-27,707.685369
2025-03-28,693.518701
2025-03-31,696.668732
2025-04-01,695.281361
2025-04-02,696.162393
2025-04-03,661.846911
2025-04-04,652.735895
2025-04-07,651.465396
2025-04-08,649.657094
2025-04-09,697.086547
2025-04-10,673.254938
2025-04-11,681.053568
2025-04-14,677.319028
2025-04-15,680.343501
2025-04-16,668.737682
2025-04-22,658.560244
2025-04-23,674.090056
2025-04-24,683.091084
2025-04-25,687.353698
2025-04-28,686.568925
2025-04-29,690.693559
2025-04-30,691.823426
2025-05-02,703.986966
2025-05-05,702.444097
2025-05-06,692.857259
2025-05-07,694.701993
2025-05-08,704.129444
2025-05-09,702.38908
2025-05-12,723.394059
2025-05-13,725.173778
2025-05-14,724.663756
2025-05-15,732.445577
2025-05-16,735.060785
2025-05-19,730.32303
2025-05-20,728.2589
2025-05-21,710.679454
2025-05-22,713.05449
2025-05-23,703.400319
2025-05-27,718.388382
2025-05-28,715.721122
2025-05-30,722.221618
2025-06-02,715.597145
2025-06-03,722.197299
2025-06-04,720.509525
2025-06-05,715.341187
2025-06-06,724.92304
2025-06-10,725.972047
2025-06-11,724.5591
2025-06-12,718.236002
2025-06-13,708.592377
2025-06-16,713.609055
2025-06-17,706.943945
2025-06-18,711.178999
2025-06-20,718.53211
2025-06-23,721.843077
2025-06-24,732.67543
2025-06-25,733.679488
2025-06-26,733.954799
2025-06-27,740.046995
2025-06-30,745.79182
2025-07-01,742.149968
2025-07-02,747.734426
2025-07-03,748.7601
2025-07-07,745.418208
2025-07-08,747.058
2025-07-09,749.574986
2025-07-10,751.155627
2025-07-11,749.880733
2025-07-14,750.170614
2025-07-15,753.658925
2025-07-16,760.241411
2025-07-17,767.165494
2025-07-18,755.918462
2025-07-21,757.377139
2025-07-22,754.112549
2025-07-23,762.268064
2025-07-24,762.576024
2025-07-25,768.288052
2025-07-28,767.043801
2025-07-29,769.011788
2025-07-30,769.678874
2025-07-31,768.09947
2025-08-01,755.592856
2025-08-04,765.69
2025-08-05,763.81
2025-08-06,764.118399
2025-08-07,769.719982
2025-08-08,776.516104
2025-08-11,771.725388
2025-08-12,777.700432
2025-08-13,779.481976
2025-08-14,780.685875
2025-08-15,778.108618
2025-08-18,779.972117
2025-08-19,780.8203
2025-08-20,778.260709
2025-08-21,770.672658
2025-08-22,772.211267
2025-08-25,770.434771
2025-08-26,774.416991
2025-08-27,776.35627
2025-08-28,775.279039
2025-08-29,768.848997
2025-09-02,760.812303
2025-09-03,764.804971
2025-09-04,776.715799
2025-09-05,770.906318
2025-09-08,770.321393
2025-09-09,768.978463
2025-09-10,764.978055
2025-09-11,770.306631
2025-09-12,769.346516
2025-09-15,770.762148
2025-09-16,764.351739
2025-09-17,766.421698
2025-09-18,774.859477
2025-09-19,781.195401
2025-09-22,784.933021
2025-09-23,777.877701
2025-09-24,779.354269
2025-09-25,781.215266
2025-09-26,781.6539
2025-09-29,783.94289
2025-09-30,787.1371
2025-10-01,784.668196
2025-10-02,793.1354
2025-10-03,790.63168
2025-10-06,791.619525
2025-10-07,790.590232
2025-10-08,795.792382
2025-10-09,798.941693
2025-10-10,785.153748
2025-10-13,793.167411
2025-10-14,798.283041
2025-10-15,796.076018
2025-10-16,790.614569
2025-10-17,793.516796
2025-10-20,800.570142
2025-10-21,800.685898
2025-10-22,794.2224
2025-10-23,794.811136
2025-10-24,802.721408
2025-10-27,809.005416
2025-10-28,808.825595
2025-10-29,807.609609
2025-10-30,807.022382
2025-10-31,813.970723
2025-11-03,815.511284
2025-11-04,812.007236
2025-11-05,816.035269
2025-11-06,810.128532
2025-11-07,806.514785
2025-11-10,814.895446
2025-11-11,811.602606
2025-11-12,815.617213
2025-11-13,799.977558
2025-11-14,803.650371
2025-11-17,796.791839
2025-11-18,790.89828
2025-11-19,795.818437
2025-11-20,787.87366
2025-11-21,800.286928
2025-11-24,806.701229
2025-11-25,815.261576
2025-11-26,819.193371
2025-11-28,816.168451
2025-12-01,812.90354
2025-12-02,815.220403
2025-12-03,812.926323
2025-12-04,817.484453
2025-12-05,818.79441
2025-12-08,819.87773
2025-12-09,819.063101
2025-12-10,824.270831
2025-12-11,821.682262
2025-12-12,820.156991
2025-12-15,819.533763
2025-12-16,819.452483
2025-12-17,814.535621
2025-12-18,816.939243
2025-12-19,821.467765
2025-12-22,823.762794
2025-12-23,823.862584
2025-12-29,821.430476
2025-12-30,821.362144
2025-12-31,819.894162
2026-01-02,819.100089
2026-01-05,825.214662
2026-01-06,830.546542
2026-01-07,830.007079
2026-01-08,830.172329
2026-01-09,834.980229
2026-01-12,832.992969
2026-01-13,834.490082
2026-01-14,829.606721
2026-01-15,836.921254
2026-01-16,835.7542
2026-01-20,811.74089
2026-01-21,815.807215
2026-01-22,814.238581
2026-01-23,811.773395
2026-01-26,810.458546
2026-01-27,806.114357
2026-01-28,803.714064
2026-01-29,800.617497
2026-01-30,796.843307
2026-02-02,808.39978
2026-02-03,800.17298
2026-02-04,801.861681
2026-02-05,799.073058
2026-02-06,804.372609
2026-02-09,803.815696
2026-02-10,797.5649
2026-02-11,797.552354
2026-02-12,785.821515
2026-02-13,788.732064
2026-02-17,793.714733
2026-02-18,791.035577
2026-02-19,795.400423
2026-02-20,795.868181
2026-02-23,793.053728
2026-02-24,797.536767
2026-02-25,803.195267
2026-02-26,801.077671
2026-02-27,796.241029
2026-03-02,797.631646
2026-03-03,796.13261
2026-03-04,793.825482
2026-03-05,792.099571
2026-03-06,776.960258
2026-03-09,780.508206
2026-03-10,782.166167
2026-03-11,783.791515
2026-03-12,774.677328
2026-03-13,774.001491
2026-03-16,776.771416
2026-03-17,772.88993
2026-03-18,763.410824
2026-03-19,754.051843
2026-03-20,746.295811
2026-03-23,765.097782
2026-03-24,761.055916
2026-03-25,767.68913
2026-03-26,754.014156
2026-03-27,747.587626
2026-03-30,747.950172
2026-03-31,762.440478
2026-04-01,769.128412
2026-04-07,770.588534
2026-04-08,782.884617
2026-04-09,781.711698
2026-04-10,781.941591
2026-04-13,785.977594
2026-04-14,792.62336
2026-04-15,793.690082
2026-04-16,794.220016
2026-04-17,802.713794
2026-04-20,797.178521
2026-04-21,792.416743
2026-04-22,792.773886
2026-04-23,792.530445
2026-04-24,798.01251
2026-04-27,794.2576
2026-04-28,794.309975
2026-04-29,789.368936
2026-04-30,799.6954
2026-05-04,793.489
2026-05-05,798.090345
2026-05-06,812.852536
2026-05-07,810.729365
2026-05-08,809.051479
2026-05-11,808.131376
2026-05-12,804.98193
2026-05-13,809.134038
2026-05-15,814.586262
2026-05-18,810.660964
2026-05-19,809.564633
2026-05-20,815.112982
2026-05-21,815.520081
2026-05-22,822.162335
2026-05-26,826.54
2026-05-27,827.664297
2026-05-28,829.580322
2026-05-29,829.715565
2026-06-01,833.564373
2026-06-02,835.69536
2026-06-03,833.306681
2026-06-04,838.6461
2026-06-05,827.892313
2026-06-08,831.193756
2026-06-09,832.789178
2026-06-10,819.072164
2026-06-11,835.463504
2026-06-12,840.369202
2026-06-15,855.430266
2026-06-16,848.536515
2026-06-17,845.090247
2026-06-18,867.166912
2026-06-22,863.028827
2026-06-23,859.158199
2026-06-24,865.995718
2026-06-25,866.876776
2026-06-26,870.931165
2026-06-29,879.112576
2026-06-30,883.11711
2026-07-01,882.867317
2026-07-02,878.683227
2026-07-06,884.8495
2026-07-07,876.9634
2026-07-08,870.839651
2026-07-09,872.678102
2026-07-10,879.575509
2026-07-13,874.517998
2026-07-14,868.830169
2026-07-15,873.677566
2026-07-16,868.07752
2026-07-17,858.501308
2026-07-20,857.936567
2026-07-21,861.408942
2026-07-22,858.607897
2026-07-23,849.891642
2026-07-24,847.406379
2026-07-27,856.324472
2026-07-28,859.171852
2026-07-29,846.762476
2026-07-30,852.630316
2026-07-31,850.035562
2026-08-03,864.694505
2026-08-04,878.266016
2026-08-05,876.175057
2026-08-06,877.738198
2026-08-07,879.654377
2026-08-10,878.819564
2026-08-11,878.22757
2026-08-12,877.563574
2026-08-13,885.120784
2026-08-14,878.1126
2026-08-17,873.260186
2026-08-18,865.709538
2026-08-19,859.288767
2026-08-20,856.026091
2026-08-21,855.636128
2026-08-24,854.1694
2026-08-25,857.794496
2026-08-26,860.978765
2026-08-27,862.753484
2026-08-28,863.785237
2026-08-31,859.680657
2026-09-01,851.025889
2026-09-02,852.462727
2026-09-03,861.590319
2026-09-04,859.288087
2026-09-08,849.942962
2026-09-09,840.435689
2026-09-10,843.352808
2026-09-11,849.300017
2026-09-14,848.7448
2026-09-15,844.899592
2026-09-16,844.003864
2026-09-17,858.573619
2026-09-18,858.753484
2026-09-21,869.357157
