date,nav_sek
2013-06-11,100
2013-06-12,99.5921
2013-06-13,98.3389
2013-06-14,98.5649
2013-06-17,99.3053
2013-06-18,99.5184
2013-06-19,98.6145
2013-06-20,98.4841
2013-06-24,98.4683
2013-06-25,98.4762
2013-06-26,99.1801
2013-06-27,100.5794
2013-06-28,100.3262
2013-07-01,100.2742
2013-07-02,100.6103
2013-07-03,100.0704
2013-07-04,100.7263
2013-07-05,101.8201
2013-07-08,103.2413
2013-07-09,103.7199
2013-07-10,103.5022
2013-07-11,103.7896
2013-07-12,103.9927
2013-07-15,104.1852
2013-07-16,103.334
2013-07-17,102.866
2013-07-18,103.4175
2013-07-19,102.642
2013-07-22,102.4855
2013-07-23,102.4879
2013-07-24,102.5146
2013-07-25,102.4845
2013-07-26,101.9775
2013-07-29,101.9383
2013-07-30,103.1759
2013-07-31,103.1304
2013-08-01,104.22
2013-08-02,104.9576
2013-08-05,105.0488
2013-08-06,104.3063
2013-08-07,103.2411
2013-08-08,102.8291
2013-08-09,103.3844
2013-08-12,103.3911
2013-08-13,103.6326
2013-08-14,103.7516
2013-08-15,102.6711
2013-08-16,102.1146
2013-08-19,101.8727
2013-08-20,100.7944
2013-08-21,101.7533
2013-08-22,101.4198
2013-08-23,101.9195
2013-08-26,102.0511
2013-08-27,100.8361
2013-08-28,100.0963
2013-08-29,101.4657
2013-08-30,101.8734
2013-09-02,101.8252
2013-09-03,102.5618
2013-09-04,102.4442
2013-09-05,103.9335
2013-09-06,103.3078
2013-09-09,103.6782
2013-09-10,103.9007
2013-09-11,103.8849
2013-09-12,104.0708
2013-09-13,104.5847
2013-09-16,104.4364
2013-09-17,104.0354
2013-09-18,104.2459
2013-09-19,103.8107
2013-09-20,103.8744
2013-09-23,103.4365
2013-09-24,103.6418
2013-09-25,103.9272
2013-09-26,103.9555
2013-09-27,103.5817
2013-09-30,102.6938
2013-10-01,102.4337
2013-10-02,102.4252
2013-10-03,102.0407
2013-10-04,102.6697
2013-10-07,102.9744
2013-10-08,102.2659
2013-10-09,102.3255
2013-10-10,104.1896
2013-10-11,104.4316
2013-10-14,104.6722
2013-10-15,105.4307
2013-10-16,105.954
2013-10-17,105.0037
2013-10-18,106.5454
2013-10-21,106.5913
2013-10-22,106.4937
2013-10-23,105.9695
2013-10-24,106.1199
2013-10-25,105.6722
2013-10-28,106.0321
2013-10-29,106.5614
2013-10-30,107.0934
2013-10-31,107.5903
2013-11-01,108.6333
2013-11-04,108.0896
2013-11-05,108.2992
2013-11-06,108.4603
2013-11-07,109.0154
2013-11-08,108.7754
2013-11-11,109.521
2013-11-12,110.3493
2013-11-13,110.7993
2013-11-14,111.533
2013-11-15,111.9412
2013-11-18,111.4343
2013-11-19,111.4597
2013-11-20,110.7904
2013-11-21,111.6672
2013-11-22,110.9545
2013-11-25,111.2996
2013-11-26,111.26
2013-11-27,110.9302
2013-11-28,111.3194
2013-11-29,111.135
2013-12-02,110.826
2013-12-03,109.8143
2013-12-04,108.713
2013-12-05,108.4261
2013-12-06,109.4683
2013-12-09,109.9295
2013-12-10,109.7609
2013-12-11,109.7677
2013-12-12,109.0126
2013-12-13,108.8177
2013-12-16,109.4147
2013-12-17,109.2487
2013-12-18,108.6507
2013-12-19,110.5516
2013-12-20,111.0897
2013-12-23,111.3002
2013-12-27,111.7541
2013-12-30,110.6751
2014-01-02,111.5631
2014-01-03,111.627
2014-01-07,111.6924
2014-01-08,112.4902
2014-01-09,112.8018
2014-01-10,111.7442
2014-01-13,112.017
2014-01-14,109.9913
2014-01-15,111.6043
2014-01-16,111.5528
2014-01-17,111.4946
2014-01-20,111.7443
2014-01-21,112.4676
2014-01-22,111.9196
2014-01-23,110.383
2014-01-24,109.5212
2014-01-27,108.0813
2014-01-28,107.9438
2014-01-29,107.7908
2014-01-30,108.7647
2014-01-31,108.2433
2014-02-03,108.5178
2014-02-04,106.7563
2014-02-05,106.6414
2014-02-06,107.1399
2014-02-07,108.6939
2014-02-10,109.1398
2014-02-11,108.7936
2014-02-12,110.4843
2014-02-13,109.7499
2014-02-14,110.6156
2014-02-17,111.1558
2014-02-18,111.8985
2014-02-19,112.3487
2014-02-20,112.2771
2014-02-21,113.1903
2014-02-24,113.1122
2014-02-25,112.6957
2014-02-26,112.9517
2014-02-27,112.953
2014-02-28,111.8847
2014-03-03,111.4141
2014-03-04,112.3962
2014-03-05,112.6838
2014-03-06,112.8172
2014-03-07,112.2423
2014-03-10,111.3966
2014-03-11,111.6448
2014-03-12,110.7487
2014-03-13,110.2843
2014-03-14,109.3533
2014-03-17,109.5899
2014-03-18,110.1297
2014-03-19,110.4382
2014-03-20,110.5645
2014-03-21,111.4025
2014-03-24,110.5306
2014-03-25,110.8069
2014-03-26,112.1612
2014-03-27,111.7804
2014-03-28,113.1467
2014-03-31,113.5567
2014-04-01,113.5732
2014-04-02,113.9512
2014-04-03,115.4629
2014-04-04,115.4872
2014-04-07,113.9448
2014-04-08,112.4599
2014-04-09,113.4866
2014-04-10,114.325
2014-04-11,112.2166
2014-04-14,112.483
2014-04-15,113.4457
2014-04-16,114.1946
2014-04-17,114.6979
2014-04-22,115.5574
2014-04-23,115.5107
2014-04-24,115.2162
2014-04-25,115.1937
2014-04-28,114.3315
2014-04-29,115.3113
2014-04-30,114.8847
2014-05-02,115.6968
2014-05-05,115.2693
2014-05-06,115.033
2014-05-07,114.3206
2014-05-08,115.2877
2014-05-09,115.3092
2014-05-12,116.3409
2014-05-13,116.5418
2014-05-14,116.6988
2014-05-15,115.9698
2014-05-16,115.7484
2014-05-19,116.1823
2014-05-20,116.1823
2014-05-21,116.3123
2014-05-22,117.0157
2014-05-23,118.2041
2014-05-26,118.4657
2014-05-27,118.8982
2014-05-28,119.0601
2014-05-30,119.9148
2014-06-02,120.3135
2014-06-03,120.3312
2014-06-04,120.0613
2014-06-05,120.5336
2014-06-09,121.7855
2014-06-10,121.7403
2014-06-11,121.5858
2014-06-12,121.6247
2014-06-13,120.3468
2014-06-16,120.3011
2014-06-17,120.373
2014-06-18,120.802
2014-06-19,122.3445
2014-06-23,123.0135
2014-06-24,123.1142
2014-06-25,122.6789
2014-06-26,122.9398
2014-06-27,123.1149
2014-06-30,122.5179
2014-07-01,123.2562
2014-07-02,123.8796
2014-07-03,126.3856
2014-07-04,126.8972
2014-07-07,126.0981
2014-07-08,125.3006
2014-07-09,124.2816
2014-07-10,123.2577
2014-07-11,123.638
2014-07-14,124.6418
2014-07-15,124.9402
2014-07-16,125.7555
2014-07-17,125.3949
2014-07-18,124.7884
2014-07-21,125.3247
2014-07-22,125.8754
2014-07-23,125.8285
2014-07-24,126.0298
2014-07-25,125.3886
2014-07-28,125.104
2014-07-29,126.0087
2014-07-30,126.27
2014-07-31,125.1551
2014-08-01,123.5403
2014-08-04,123.6084
2014-08-05,123.1901
2014-08-06,122.9126
2014-08-07,123.098
2014-08-08,121.8912
2014-08-11,122.7817
2014-08-12,123.1363
2014-08-13,123.0656
2014-08-14,123.3228
2014-08-15,123.8854
2014-08-18,124.4393
2014-08-19,125.2488
2014-08-20,125.6467
2014-08-21,126.4543
2014-08-22,126.229
2014-08-25,127.2769
2014-08-26,127.8563
2014-08-27,127.8227
2014-08-28,128.1774
2014-08-29,127.5921
2014-09-01,128.7511
2014-09-02,128.9694
2014-09-03,129.5182
2014-09-04,130.115
2014-09-05,130.03
2014-09-08,130.1768
2014-09-09,130.1047
2014-09-10,129.2731
2014-09-11,129.7155
2014-09-12,129.9819
2014-09-15,129.4855
2014-09-16,129.6705
2014-09-17,130.5189
2014-09-18,130.8246
2014-09-19,131.5729
2014-09-22,130.456
2014-09-23,129.3926
2014-09-24,129.7233
2014-09-25,130.2625
2014-09-26,129.9353
2014-09-29,129.5577
2014-09-30,129.2924
2014-10-01,128.3624
2014-10-02,126.9226
2014-10-03,128.497
2014-10-06,128.6699
2014-10-07,126.5608
2014-10-08,125.766
2014-10-09,126.2068
2014-10-10,125.2592
2014-10-13,123.0823
2014-10-14,122.6381
2014-10-15,120.6843
2014-10-16,119.9486
2014-10-17,121.7084
2014-10-20,122.769
2014-10-21,124.8339
2014-10-22,127.0093
2014-10-23,126.6033
2014-10-24,126.9146
2014-10-27,127.874
2014-10-28,129.5849
2014-10-29,129.9013
2014-10-30,130.0018
2014-10-31,132.7656
2014-11-03,132.3642
2014-11-04,132.9168
2014-11-05,132.3555
2014-11-06,132.7297
2014-11-07,133.5788
2014-11-10,133.4785
2014-11-11,133.942
2014-11-12,133.7058
2014-11-13,134.2771
2014-11-14,134.2432
2014-11-17,134.0327
2014-11-18,134.5046
2014-11-19,134.3132
2014-11-20,134.4156
2014-11-21,136.8062
2014-11-24,136.4616
2014-11-25,137.004
2014-11-26,136.2315
2014-11-27,136.861
2014-11-28,136.7071
2014-12-01,135.2857
2014-12-02,136.727
2014-12-03,137.7787
2014-12-04,137.0854
2014-12-05,138.3214
2014-12-08,138.4125
2014-12-09,135.9314
2014-12-10,136.0912
2014-12-11,135.9706
2014-12-12,134.854
2014-12-15,134.6295
2014-12-16,132.8254
2014-12-17,133.7171
2014-12-18,137.9342
2014-12-19,139.4554
2014-12-22,140.7879
2014-12-23,141.4913
2014-12-29,143.3495
2014-12-30,141.406
2015-01-02,142.5184
2015-01-05,140.7236
2015-01-07,139.8182
2015-01-08,143.3042
2015-01-09,143.3939
2015-01-12,142.8732
2015-01-13,144.0752
2015-01-14,141.3586
2015-01-15,142.8064
2015-01-16,142.5217
2015-01-19,144.3702
2015-01-20,145.0063
2015-01-21,144.6903
2015-01-22,145.7886
2015-01-23,149.1873
2015-01-26,149.0801
2015-01-27,147.1019
2015-01-28,148.0742
2015-01-29,146.2893
2015-01-30,146.7962
2015-02-02,146.4732
2015-02-03,148.6052
2015-02-04,149.2472
2015-02-05,150.2215
2015-02-06,151.831
2015-02-09,151.4677
2015-02-10,150.8582
2015-02-11,152.733
2015-02-12,155.1395
2015-02-13,155.1887
2015-02-16,155.1509
2015-02-17,154.1973
2015-02-18,156.2067
2015-02-19,155.8453
2015-02-20,155.7889
2015-02-23,157.818
2015-02-24,157.5331
2015-02-25,156.531
2015-02-26,157.2129
2015-02-27,156.8203
2015-03-02,156.5453
2015-03-03,155.0502
2015-03-04,155.3162
2015-03-05,155.8467
2015-03-06,157.3081
2015-03-09,156.3486
2015-03-10,155.7982
2015-03-11,156.6097
2015-03-12,157.3776
2015-03-13,157.8315
2015-03-16,159.1419
2015-03-17,158.9091
2015-03-18,161.5285
2015-03-19,160.8489
2015-03-20,161.9528
2015-03-23,160.2095
2015-03-24,160.2892
2015-03-25,159.1062
2015-03-26,157.2928
2015-03-27,158.8454
2015-03-30,159.8239
2015-03-31,159.6004
2015-04-01,158.6263
2015-04-02,159.6369
2015-04-07,161.1475
2015-04-08,161.6223
2015-04-09,163.4595
2015-04-10,165.0683
2015-04-13,165.9682
2015-04-14,164.437
2015-04-15,166.0177
2015-04-16,163.2425
2015-04-17,162.2222
2015-04-20,162.9893
2015-04-21,164.1764
2015-04-22,164.0468
2015-04-23,164.7777
2015-04-24,164.8087
2015-04-27,165.2847
2015-04-28,163.1811
2015-04-29,159.0141
2015-04-30,157.75
2015-05-04,158.8378
2015-05-05,158.2799
2015-05-06,154.0023
2015-05-07,154.6414
2015-05-08,156.8471
2015-05-11,157.7944
2015-05-12,156.3431
2015-05-13,156.3816
2015-05-15,158.5119
2015-05-18,157.6439
2015-05-19,160.5588
2015-05-20,160.18
2015-05-21,160.2505
2015-05-22,161.3092
2015-05-25,161.3657
2015-05-26,160.8417
2015-05-27,162.0905
2015-05-28,162.4356
2015-05-29,162.0702
2015-06-01,162.2683
2015-06-02,160.3785
2015-06-03,158.8936
2015-06-04,157.0264
2015-06-08,156.6545
2015-06-10,155.7531
2015-06-11,156.6067
2015-06-12,154.8145
2015-06-15,153.0166
2015-06-16,154.1124
2015-06-17,154.0903
2015-06-18,153.3428
2015-06-22,155.4375
2015-06-23,158.1867
2015-06-24,157.4601
2015-06-25,157.0087
2015-06-26,157.6601
2015-06-29,154.7947
2015-06-30,153.2622
2015-07-01,155.5035
2015-07-02,157.2798
2015-07-03,157.2041
2015-07-06,156.0361
2015-07-07,156.8559
2015-07-08,154.9317
2015-07-09,155.8568
2015-07-10,155.8073
2015-07-13,158.5791
2015-07-14,160.1029
2015-07-15,160.8923
2015-07-16,161.4835
2015-07-17,163.38
2015-07-20,163.5777
2015-07-21,163.094
2015-07-22,162.6568
2015-07-23,161.6132
2015-07-24,161.2919
2015-07-27,157.3377
2015-07-28,158.8512
2015-07-29,160.6802
2015-07-30,161.5
2015-07-31,160.5027
2015-08-03,162.1576
2015-08-04,161.9037
2015-08-05,164.578
2015-08-06,164.0969
2015-08-07,164.6982
2015-08-10,163.7053
2015-08-11,161.878
2015-08-12,158.3943
2015-08-13,158.302
2015-08-14,157.6582
2015-08-17,158.2344
2015-08-18,158.8189
2015-08-19,158.5619
2015-08-20,155.615
2015-08-21,151.4834
2015-08-24,139.521
2015-08-25,145.2
2015-08-26,144.5608
2015-08-27,148.7335
2015-08-28,149.6628
2015-08-31,149.0822
2015-09-01,145.5058
2015-09-02,144.9678
2015-09-03,146.8855
2015-09-04,144.8498
2015-09-07,144.5466
2015-09-08,146.1096
2015-09-09,148.6574
2015-09-10,145.3341
2015-09-11,143.6232
2015-09-14,143.1474
2015-09-15,143.401
2015-09-16,145.2027
2015-09-17,145.9859
2015-09-18,143.1333
2015-09-21,145.5213
2015-09-22,144.2423
2015-09-23,144.0192
2015-09-24,141.7684
2015-09-25,144.3406
2015-09-28,142.9165
2015-09-29,139.7191
2015-09-30,141.9577
2015-10-01,142.0109
2015-10-02,140.166
2015-10-05,145.3757
2015-10-06,145.6188
2015-10-07,146.6189
2015-10-08,145.7899
2015-10-09,146.5895
2015-10-12,146.4668
2015-10-13,145.0109
2015-10-14,144.8611
2015-10-15,146.6366
2015-10-16,148.2304
2015-10-19,149.4114
2015-10-20,149.3712
2015-10-21,150.0799
2015-10-22,151.4586
2015-10-23,155.6404
2015-10-26,155.4519
2015-10-27,154.6891
2015-10-28,154.1774
2015-10-29,156.1983
2015-10-30,155.4249
2015-11-02,155.9531
2015-11-03,157.026
2015-11-04,158.79
2015-11-05,158.9683
2015-11-06,158.8937
2015-11-09,158.0637
2015-11-10,157.674
2015-11-11,157.9216
2015-11-12,155.8308
2015-11-13,154.8987
2015-11-16,154.3999
2015-11-17,157.2442
2015-11-18,157.1489
2015-11-19,158.4618
2015-11-20,158.9377
2015-11-23,158.8401
2015-11-24,158.0376
2015-11-25,159.759
2015-11-26,159.5528
2015-11-27,159.5273
2015-11-30,158.662
2015-12-01,159.0608
2015-12-02,159.75
2015-12-03,155.5876
2015-12-04,153.3284
2015-12-07,155.1553
2015-12-08,152.138
2015-12-09,151.5427
2015-12-10,151.3121
2015-12-11,149.9256
2015-12-14,148.9482
2015-12-15,150.1548
2015-12-16,151.7947
2015-12-17,153.6414
2015-12-18,151.2333
2015-12-21,150.2547
2015-12-22,148.3997
2015-12-23,150.9557
2015-12-28,149.9802
2015-12-29,151.3455
2015-12-30,151.9883
2016-01-04,148.4157
2016-01-05,150.7987
2016-01-07,145.4551
2016-01-08,144.4754
2016-01-11,142.9629
2016-01-12,143.7934
2016-01-13,144.2701
2016-01-14,140.0266
2016-01-15,139.7927
2016-01-18,139.6999
2016-01-19,139.9426
2016-01-20,136.9485
2016-01-21,137.4095
2016-01-22,141.7679
2016-01-25,140.9239
2016-01-26,139.9372
2016-01-27,140.6781
2016-01-28,140.6327
2016-01-29,143.1565
2016-02-01,142.6726
2016-02-02,142.0488
2016-02-03,140.556
2016-02-04,139.4729
2016-02-05,140.1281
2016-02-08,136.5552
2016-02-09,134.5377
2016-02-10,136.6128
2016-02-11,132.6741
2016-02-12,133.2776
2016-02-15,137.7083
2016-02-16,138.5169
2016-02-17,140.7518
2016-02-18,141.1663
2016-02-19,139.4209
2016-02-22,142.4081
2016-02-23,142.078
2016-02-24,138.8658
2016-02-25,141.6497
2016-02-26,143.4472
2016-02-29,143.1829
2016-03-01,144.9613
2016-03-02,146.6133
2016-03-03,146.9358
2016-03-04,146.3015
2016-03-07,146.6265
2016-03-08,146.2692
2016-03-09,145.4162
2016-03-10,145.9037
2016-03-11,145.7135
2016-03-14,146.1903
2016-03-15,144.9076
2016-03-16,145.3101
2016-03-17,144.8169
2016-03-18,145.6999
2016-03-21,145.2789
2016-03-22,145.6182
2016-03-23,145.7927
2016-03-24,145.1475
2016-03-29,144.9237
2016-03-30,145.4707
2016-03-31,144.3912
2016-04-01,143.1073
2016-04-04,144.1057
2016-04-05,142.6543
2016-04-06,142.709
2016-04-07,143.5628
2016-04-08,143.9488
2016-04-11,143.6711
2016-04-12,143.0246
2016-04-13,145.8744
2016-04-14,146.6129
2016-04-15,146.8222
2016-04-18,146.4658
2016-04-19,147.8252
2016-04-20,148.0601
2016-04-21,148.3213
2016-04-22,148.1719
2016-04-25,147.4751
2016-04-26,148.2455
2016-04-27,147.3679
2016-04-28,146.5316
2016-04-29,145.2736
2016-05-02,144.7695
2016-05-03,143.479
2016-05-04,143.831
2016-05-06,144.0982
2016-05-09,145.175
2016-05-10,146.0395
2016-05-11,146.118
2016-05-12,146.3128
2016-05-13,146.9395
2016-05-16,146.4171
2016-05-17,147.244
2016-05-18,147.1891
2016-05-19,147.1569
2016-05-20,148.3551
2016-05-23,148.4294
2016-05-24,148.7481
2016-05-25,150.0914
2016-05-26,150.1672
2016-05-27,151.2955
2016-05-30,151.5578
2016-05-31,151.529
2016-06-01,150.3575
2016-06-02,150.5474
2016-06-03,148.359
2016-06-07,149.4113
2016-06-08,149.6157
2016-06-09,149.777
2016-06-10,149.8927
2016-06-13,148.1973
2016-06-14,147.4207
2016-06-15,148.2232
2016-06-16,147.8039
2016-06-17,147.8017
2016-06-20,149.3098
2016-06-21,149.523
2016-06-22,149.8415
2016-06-23,149.701
2016-06-27,146.479
2016-06-28,148.0436
2016-06-29,149.8695
2016-06-30,150.8262
2016-07-01,152.1031
2016-07-04,152.3502
2016-07-05,151.6468
2016-07-06,151.8275
2016-07-07,153.8366
2016-07-08,154.7996
2016-07-11,156.0858
2016-07-12,156.6638
2016-07-13,156.3508
2016-07-14,157.4639
2016-07-15,157.9311
2016-07-18,158.321
2016-07-19,158.8276
2016-07-20,159.2415
2016-07-21,159.9153
2016-07-22,160.0102
2016-07-25,160.2619
2016-07-26,160.5008
2016-07-27,161.198
2016-07-28,160.2491
2016-07-29,159.2536
2016-08-01,160.3548
2016-08-02,158.3489
2016-08-03,157.7061
2016-08-04,157.9249
2016-08-05,159.998
2016-08-08,160.7112
2016-08-09,160.3621
2016-08-10,159.1983
2016-08-11,159.1595
2016-08-12,159.3732
2016-08-15,160.1454
2016-08-16,158.7378
2016-08-17,158.605
2016-08-18,158.005
2016-08-19,158.0033
2016-08-22,157.7485
2016-08-23,158.458
2016-08-24,159.2386
2016-08-25,158.2479
2016-08-26,157.9669
2016-08-29,159.6423
2016-08-30,161.0449
2016-08-31,160.8349
2016-09-01,161.0251
2016-09-02,162.3116
2016-09-06,161.2566
2016-09-07,160.6761
2016-09-08,160.0053
2016-09-09,159.5532
2016-09-12,157.7218
2016-09-13,157.7595
2016-09-14,156.8648
2016-09-15,156.5417
2016-09-16,158.3376
2016-09-19,159.386
2016-09-20,159.874
2016-09-21,161.0688
2016-09-22,162.2739
2016-09-23,161.6744
2016-09-26,160.0103
2016-09-27,161.2149
2016-09-28,161.5505
2016-09-29,161.8673
2016-09-30,161.1665
2016-10-03,160.7903
2016-10-04,162.4749
2016-10-05,161.8107
2016-10-06,161.6268
2016-10-07,161.6164
2016-10-10,162.5972
2016-10-11,164.2776
2016-10-12,163.613
2016-10-13,161.8052
2016-10-14,163.6676
2016-10-17,162.8102
2016-10-18,163.7737
2016-10-19,164.5565
2016-10-20,165.3529
2016-10-21,165.3139
2016-10-24,166.6518
2016-10-25,166.75
2016-10-26,165.2653
2016-10-27,167.5052
2016-10-28,167.3088
2016-10-31,166.476
2016-11-01,165.1685
2016-11-02,163.0237
2016-11-03,163.2384
2016-11-04,162.5548
2016-11-07,165.9653
2016-11-08,165.4395
2016-11-09,167.4737
2016-11-10,169.6954
2016-11-11,167.9181
2016-11-14,169.3349
2016-11-15,169.7508
2016-11-16,170.3911
2016-11-17,171.5613
2016-11-18,172.3174
2016-11-21,172.3397
2016-11-22,173.416
2016-11-23,172.9653
2016-11-25,173.5223
2016-11-28,172.9725
2016-11-29,172.1516
2016-11-30,173.5108
2016-12-01,173.0064
2016-12-02,172.0366
2016-12-05,171.9918
2016-12-06,171.8785
2016-12-07,172.1519
2016-12-08,174.1689
2016-12-09,175.7903
2016-12-12,177.0041
2016-12-13,176.0284
2016-12-14,177.3302
2016-12-15,180.0916
2016-12-16,180.3125
2016-12-19,179.8162
2016-12-20,180.5592
2016-12-21,177.6514
2016-12-22,175.8809
2016-12-23,176.9254
2016-12-27,177.8248
2016-12-28,176.5664
2016-12-29,174.6939
2016-12-30,173.4799
2017-01-03,176.194
2017-01-04,176.2413
2017-01-05,175.8085
2017-01-09,176.1819
2017-01-10,175.6168
2017-01-11,177.7381
2017-01-12,173.6956
2017-01-13,174.5238
2017-01-17,173.2731
2017-01-18,173.7728
2017-01-19,175.3807
2017-01-20,173.6839
2017-01-23,172.4945
2017-01-24,172.3706
2017-01-25,174.1669
2017-01-26,174.7736
2017-01-27,174.0976
2017-01-30,173.1276
2017-01-31,171.7851
2017-02-01,172.3596
2017-02-02,171.0445
2017-02-03,172.5628
2017-02-06,173.9757
2017-02-07,174.7368
2017-02-08,173.8742
2017-02-09,175.1334
2017-02-10,176.855
2017-02-13,178.0217
2017-02-14,177.775
2017-02-15,178.8776
2017-02-16,178.4806
2017-02-17,178.2925
2017-02-21,180.9945
2017-02-22,181.6407
2017-02-23,181.5824
2017-02-24,181.4393
2017-02-27,181.9348
2017-02-28,181.8283
2017-03-01,183.4434
2017-03-02,184.1746
2017-03-03,182.5955
2017-03-06,181.7828
2017-03-07,181.7069
2017-03-08,182.0226
2017-03-09,181.7401
2017-03-10,182.317
2017-03-13,181.5126
2017-03-14,180.4205
2017-03-15,181.4309
2017-03-16,180.4187
2017-03-17,180.0157
2017-03-20,180.6204
2017-03-21,178.919
2017-03-22,176.965
2017-03-23,178.3911
2017-03-24,178.9118
2017-03-27,177.0396
2017-03-28,177.7838
2017-03-29,181.0254
2017-03-30,181.416
2017-03-31,181.8821
2017-04-03,181.4608
2017-04-04,182.6137
2017-04-05,183.1146
2017-04-06,182.2946
2017-04-07,182.9494
2017-04-10,184.1429
2017-04-11,183.1118
2017-04-12,182.6674
2017-04-13,182.4347
2017-04-18,181.4367
2017-04-19,181.6947
2017-04-20,180.7417
2017-04-21,182.6464
2017-04-24,181.5638
2017-04-25,181.7279
2017-04-26,181.7011
2017-04-27,183.3056
2017-04-28,182.4446
2017-05-02,182.9032
2017-05-03,182.4983
2017-05-04,182.863
2017-05-05,182.6707
2017-05-08,184.0636
2017-05-09,185.2147
2017-05-10,185.5498
2017-05-11,184.3249
2017-05-12,184.0615
2017-05-15,184.5764
2017-05-16,184.9854
2017-05-17,182.2699
2017-05-18,181.3972
2017-05-19,182.3422
2017-05-22,182.5739
2017-05-23,182.3711
2017-05-24,182.8323
2017-05-26,183.077
2017-05-30,183.9692
2017-05-31,183.2113
2017-06-01,183.82
2017-06-02,183.7671
2017-06-05,184.6952
2017-06-07,185.1983
2017-06-08,184.9925
2017-06-09,185.5628
2017-06-12,184.8617
2017-06-13,184.799
2017-06-14,184.4301
2017-06-15,184.7099
2017-06-16,184.2069
2017-06-19,185.9946
2017-06-20,186.9813
2017-06-21,186.0449
2017-06-22,185.2963
2017-06-26,185.8756
2017-06-27,183.9149
2017-06-28,182.0375
2017-06-29,181.178
2017-06-30,178.8313
2017-07-03,179.9831
2017-07-05,180.1251
2017-07-06,178.4905
2017-07-07,178.0473
2017-07-10,178.6893
2017-07-11,178.6231
2017-07-12,179.9509
2017-07-13,179.0847
2017-07-14,178.8526
2017-07-17,179.0764
2017-07-18,177.8911
2017-07-19,179.2357
2017-07-20,179.2901
2017-07-21,178.4318
2017-07-24,177.8913
2017-07-25,177.2311
2017-07-26,178.4682
2017-07-27,178.5851
2017-07-28,175.8761
2017-07-31,176.0104
2017-08-01,175.6601
2017-08-02,176.0081
2017-08-03,175.9948
2017-08-04,176.9809
2017-08-07,177.4704
2017-08-08,177.6
2017-08-09,177.6741
2017-08-10,175.8839
2017-08-11,174.0851
2017-08-14,174.9392
2017-08-15,174.736
2017-08-16,175.3294
2017-08-17,175.404
2017-08-18,172.8701
2017-08-21,172.0405
2017-08-22,173.8085
2017-08-23,173.545
2017-08-24,172.8461
2017-08-25,172.5315
2017-08-28,171.6274
2017-08-29,170.025
2017-08-30,171.4717
2017-08-31,172.7154
2017-09-01,173.7394
2017-09-05,172.6582
2017-09-06,172.6399
2017-09-07,172.71
2017-09-08,172.6359
2017-09-11,175.0655
2017-09-12,175.1663
2017-09-13,176.1901
2017-09-14,176.281
2017-09-15,174.7302
2017-09-18,175.3452
2017-09-19,175.7308
2017-09-20,175.5092
2017-09-21,175.9126
2017-09-22,175.6324
2017-09-25,176.6373
2017-09-26,178.8535
2017-09-27,179.6152
2017-09-28,179.3341
2017-09-29,180.6764
2017-10-02,181.1258
2017-10-03,180.7383
2017-10-04,180.5781
2017-10-05,180.9738
2017-10-06,181.8886
2017-10-09,181.4875
2017-10-10,180.7074
2017-10-11,180.2786
2017-10-12,181.741
2017-10-13,181.82
2017-10-16,182.6729
2017-10-17,183.5686
2017-10-18,183.4902
2017-10-19,182.5571
2017-10-20,184.0105
2017-10-23,184.9235
2017-10-24,184.5663
2017-10-25,184.5205
2017-10-26,186.3243
2017-10-27,188.0809
2017-10-30,188.7883
2017-10-31,188.9768
2017-11-01,190.1943
2017-11-02,189.4822
2017-11-03,190.7723
2017-11-06,190.9276
2017-11-07,191.8248
2017-11-08,190.0579
2017-11-09,189.4974
2017-11-10,188.9465
2017-11-13,189.0984
2017-11-14,190.1181
2017-11-15,188.3939
2017-11-16,189.7694
2017-11-17,190.3929
2017-11-20,191.4089
2017-11-21,191.7315
2017-11-22,191.1495
2017-11-24,189.3012
2017-11-27,189.3267
2017-11-28,190.2832
2017-11-29,192.1136
2017-11-30,191.5691
2017-12-01,192.7589
2017-12-04,194.6358
2017-12-05,193.7283
2017-12-06,191.9706
2017-12-07,193.6143
2017-12-08,195.3317
2017-12-11,195.4567
2017-12-12,195.1135
2017-12-13,195.7533
2017-12-14,195.4771
2017-12-15,195.3274
2017-12-18,196.6404
2017-12-19,196.5949
2017-12-20,195.0564
2017-12-21,196.0854
2017-12-22,194.975
2017-12-27,193.2718
2017-12-28,192.5661
2017-12-29,191.7911
2018-01-02,191.7452
2018-01-03,192.6478
2018-01-04,193.555
2018-01-05,194.4921
2018-01-08,196.4714
2018-01-09,197.5877
2018-01-10,195.8915
2018-01-11,195.7754
2018-01-12,195.8746
2018-01-16,196.6831
2018-01-17,195.2786
2018-01-18,195.628
2018-01-19,196.5181
2018-01-22,197.0874
2018-01-23,198.1992
2018-01-24,197.3511
2018-01-25,194.3513
2018-01-26,195.9124
2018-01-29,196.3615
2018-01-30,193.9638
2018-01-31,192.9522
2018-02-01,193.4451
2018-02-02,192.2286
2018-02-05,188.8596
2018-02-06,184.9993
2018-02-07,187.4763
2018-02-08,188.0809
2018-02-09,184.5673
2018-02-12,185.7726
2018-02-13,184.8472
2018-02-14,185.3594
2018-02-15,187.6133
2018-02-16,188.4259
2018-02-20,191.051
2018-02-21,191.5168
2018-02-22,190.81
2018-02-23,192.7309
2018-02-26,195.0891
2018-02-27,196.4309
2018-02-28,197.5314
2018-03-01,193.7415
2018-03-02,190.3529
2018-03-05,191.4497
2018-03-06,193.5875
2018-03-07,192.8973
2018-03-08,194.8347
2018-03-09,195.4212
2018-03-12,197.7739
2018-03-13,196.7412
2018-03-14,195.4249
2018-03-15,194.4415
2018-03-16,195.2637
2018-03-19,192.6404
2018-03-20,192.5686
2018-03-21,192.9573
2018-03-22,191.1318
2018-03-23,189.8757
2018-03-26,187.6697
2018-03-27,190.6178
2018-03-28,190.1271
2018-03-29,191.4792
2018-04-03,190.4305
2018-04-04,190.444
2018-04-05,194.9624
2018-04-06,194.1812
2018-04-09,192.6411
2018-04-10,192.4692
2018-04-11,193.4419
2018-04-12,196.6941
2018-04-13,197.1892
2018-04-16,196.4875
2018-04-17,198.1476
2018-04-18,198.2752
2018-04-19,197.9427
2018-04-20,198.6702
2018-04-23,198.4611
2018-04-24,199.1253
2018-04-25,197.0301
2018-04-26,200.3712
2018-04-27,203.2198
2018-04-30,204.4596
2018-05-02,207.1428
2018-05-03,204.6526
2018-05-04,204.1362
2018-05-07,206.5455
2018-05-08,205.7996
2018-05-09,203.8022
2018-05-11,204.8702
2018-05-14,205.7833
2018-05-15,206.4906
2018-05-16,206.8634
2018-05-17,207.4115
2018-05-18,207.7171
2018-05-21,207.6221
2018-05-22,207.6326
2018-05-23,207.7627
2018-05-24,206.4883
2018-05-25,206.5308
2018-05-29,208.8839
2018-05-30,207.5242
2018-05-31,207.151
2018-06-01,208.8383
2018-06-04,208.0461
2018-06-05,208.7618
2018-06-07,208.0621
2018-06-08,208.3479
2018-06-11,208.2196
2018-06-12,206.554
2018-06-13,207.3883
2018-06-14,209.0393
2018-06-15,210.4695
2018-06-18,210.109
2018-06-19,210.901
2018-06-20,211.2898
2018-06-21,211.3471
2018-06-25,208.6108
2018-06-26,207.8504
2018-06-27,209.5786
2018-06-28,209.2239
2018-06-29,211.2126
2018-07-02,209.5549
2018-07-03,207.7736
2018-07-05,205.3577
2018-07-06,206.1547
2018-07-09,208.8191
2018-07-10,209.9866
2018-07-11,208.5085
2018-07-12,211.5982
2018-07-13,213.2236
2018-07-16,211.3755
2018-07-17,210.3704
2018-07-18,213.2001
2018-07-19,214.0617
2018-07-20,213.1474
2018-07-23,212.42
2018-07-24,213.2292
2018-07-25,212.6498
2018-07-26,213.4811
2018-07-27,214.6263
2018-07-30,211.6504
2018-07-31,211.6609
2018-08-01,212.659
2018-08-02,212.6203
2018-08-03,214.5168
2018-08-06,215.6198
2018-08-07,217.2302
2018-08-08,217.8361
2018-08-09,218.2129
2018-08-10,219.0403
2018-08-13,218.4255
2018-08-14,218.1226
2018-08-15,219.1869
2018-08-16,219.3395
2018-08-17,220.002
2018-08-20,221.1934
2018-08-21,220.7645
2018-08-22,219.8144
2018-08-23,220.4794
2018-08-24,221.0893
2018-08-27,222.9444
2018-08-28,224.6158
2018-08-29,224.8185
2018-08-30,224.3406
2018-08-31,222.9704
2018-09-04,221.4595
2018-09-05,219.74
2018-09-06,220.4279
2018-09-07,218.314
2018-09-10,218.0841
2018-09-11,218.087
2018-09-12,217.5841
2018-09-13,217.8401
2018-09-14,220.6346
2018-09-17,217.6242
2018-09-18,217.2004
2018-09-19,217.583
2018-09-20,216.7813
2018-09-21,218.0951
2018-09-24,217.3523
2018-09-25,217.5228
2018-09-26,218.038
2018-09-27,217.3922
2018-09-28,218.8918
2018-10-01,220.2997
2018-10-02,221.3571
2018-10-03,221.8623
2018-10-04,221.1248
2018-10-05,220.2313
2018-10-08,219.6963
2018-10-09,219.7988
2018-10-10,217.4088
2018-10-11,210.9098
2018-10-12,209.0548
2018-10-15,207.4955
2018-10-16,207.5368
2018-10-17,209.519
2018-10-18,210.7719
2018-10-19,210.3093
2018-10-22,208.1668
2018-10-23,206.0517
2018-10-24,207.6231
2018-10-25,204.8832
2018-10-26,204.0611
2018-10-29,206.0886
2018-10-30,203.8464
2018-10-31,209.2233
2018-11-01,207.4259
2018-11-02,208.0604
2018-11-05,207.7434
2018-11-06,208.9004
2018-11-07,209.3497
2018-11-08,210.6586
2018-11-09,210.3478
2018-11-13,207.4697
2018-11-14,207.9945
2018-11-15,204.7742
2018-11-16,205.9778
2018-11-19,205.5282
2018-11-20,202.1924
2018-11-21,202.4825
2018-11-23,202.6098
2018-11-26,204.6316
2018-11-27,204.0399
2018-11-28,205.9811
2018-11-29,208.3283
2018-11-30,208.7123
2018-12-03,210.6763
2018-12-04,208.2753
2018-12-06,199.7419
2018-12-07,203.8267
2018-12-10,198.5917
2018-12-11,202.0703
2018-12-12,203.4686
2018-12-13,202.4353
2018-12-14,200.6778
2018-12-17,197.3558
2018-12-18,196.4262
2018-12-19,196.108
2018-12-20,190.2853
2018-12-21,189.6478
2018-12-27,186.7202
2018-12-28,190.2634
2019-01-02,189.2315
2019-01-03,190.3062
2019-01-04,191.4284
2019-01-07,192.32
2019-01-08,195.0529
2019-01-09,195.7591
2019-01-10,194.533
2019-01-11,196.5454
2019-01-14,196.5449
2019-01-15,197.7704
2019-01-16,200.1841
2019-01-17,200.5784
2019-01-18,202.2371
2019-01-22,202.292
2019-01-23,202.5314
2019-01-24,202.2175
2019-01-25,204.1239
2019-01-28,202.8638
2019-01-29,204.1512
2019-01-30,204.875
2019-01-31,205.6036
2019-02-01,206.8908
2019-02-04,208.7204
2019-02-05,210.6664
2019-02-06,212.0677
2019-02-07,211.5638
2019-02-08,210.3842
2019-02-11,211.8121
2019-02-12,213.9704
2019-02-13,214.1107
2019-02-14,215.2153
2019-02-15,216.5686
2019-02-19,218.7207
2019-02-20,219.2624
2019-02-21,219.6109
2019-02-22,220.2689
2019-02-25,221.0778
2019-02-26,220.5297
2019-02-27,218.6537
2019-02-28,217.3145
2019-03-01,219.1358
2019-03-04,221.2917
2019-03-05,220.2543
2019-03-06,219.0964
2019-03-07,219.2472
2019-03-08,218.2972
2019-03-11,220.4601
2019-03-12,221.0572
2019-03-13,221.2241
2019-03-14,221.1247
2019-03-15,220.6059
2019-03-18,221.6392
2019-03-19,221.2341
2019-03-20,219.7872
2019-03-21,220.5245
2019-03-22,221.5355
2019-03-25,218.2308
2019-03-26,220.3863
2019-03-27,220.5328
2019-03-28,221.1464
2019-03-29,220.9183
2019-04-01,223.5649
2019-04-02,225.4394
2019-04-03,225.7549
2019-04-04,225.8029
2019-04-05,226.5651
2019-04-08,225.2304
2019-04-09,225.1562
2019-04-10,226.3186
2019-04-11,226.2502
2019-04-12,227.2578
2019-04-15,227.1647
2019-04-16,227.6005
2019-04-17,227.0289
2019-04-18,227.8175
2019-04-23,230.7549
2019-04-24,231.9456
2019-04-25,234.5909
2019-04-26,233.3545
2019-04-29,235.5255
2019-04-30,234.3462
2019-05-02,235.5636
2019-05-03,236.458
2019-05-06,235.3062
2019-05-07,234.6022
2019-05-08,232.9812
2019-05-09,231.6649
2019-05-10,231.9032
2019-05-13,229.4249
2019-05-14,228.6264
2019-05-15,229.6562
2019-05-16,233.0255
2019-05-17,232.4403
2019-05-20,231.8606
2019-05-21,232.7878
2019-05-22,232.345
2019-05-23,229.8316
2019-05-24,228.8341
2019-05-28,228.9989
2019-05-29,226.1398
2019-05-31,222.585
2019-06-03,221.1163
2019-06-04,222.3767
2019-06-05,224.7738
2019-06-07,228.004
2019-06-10,229.9736
2019-06-11,231.9174
2019-06-12,230.5897
2019-06-13,232.004
2019-06-14,230.2629
2019-06-17,231.0928
2019-06-18,233.9633
2019-06-19,235.2863
2019-06-20,235.1695
2019-06-24,232.2426
2019-06-25,230.2279
2019-06-26,229.6451
2019-06-27,229.9667
2019-06-28,230.5259
2019-07-01,234.2348
2019-07-02,233.9252
2019-07-03,235.0168
2019-07-05,237.2232
2019-07-08,237.229
2019-07-09,237.3784
2019-07-10,238.0182
2019-07-11,236.8562
2019-07-12,237.1832
2019-07-15,237.1159
2019-07-16,237.4685
2019-07-17,236.539
2019-07-18,234.7089
2019-07-19,236.5032
2019-07-22,236.2936
2019-07-23,238.4401
2019-07-24,238.5389
2019-07-25,238.3844
2019-07-26,239.8597
2019-07-29,240.5292
2019-07-30,241.009
2019-07-31,241.4371
2019-08-01,242.4094
2019-08-02,237.6614
2019-08-05,233.0297
2019-08-06,231.0369
2019-08-07,230.1324
2019-08-08,233.6326
2019-08-09,233.6596
2019-08-12,232.7006
2019-08-13,233.5412
2019-08-14,231.7797
2019-08-15,230.4741
2019-08-16,232.6006
2019-08-19,235.7348
2019-08-20,236.3164
2019-08-21,235.5689
2019-08-22,236.656
2019-08-23,235.5706
2019-08-26,232.5681
2019-08-27,233.7344
2019-08-28,234.0893
2019-08-29,238.2511
2019-08-30,241.1211
2019-09-03,240.8111
2019-09-04,240.2086
2019-09-05,240.735
2019-09-06,239.8166
2019-09-09,241.2352
2019-09-10,241.6089
2019-09-11,243.0393
2019-09-12,243.4634
2019-09-13,243.4019
2019-09-16,244.429
2019-09-17,244.1885
2019-09-18,244.2057
2019-09-19,245.6814
2019-09-20,246.334
2019-09-23,245.2907
2019-09-24,244.966
2019-09-25,242.0571
2019-09-26,243.8829
2019-09-27,245.5384
2019-09-30,245.2861
2019-10-01,248.6727
2019-10-02,242.1443
2019-10-03,239.7816
2019-10-04,242.0665
2019-10-07,244.3304
2019-10-08,242.168
2019-10-09,243.5417
2019-10-10,243.1286
2019-10-11,245.8614
2019-10-14,245.4921
2019-10-15,247.1701
2019-10-16,247.4166
2019-10-17,246.349
2019-10-18,244.807
2019-10-21,243.9397
2019-10-22,245.3519
2019-10-23,244.4744
2019-10-24,244.9533
2019-10-25,246.3611
2019-10-28,248.7335
2019-10-29,249.6992
2019-10-30,249.2599
2019-10-31,247.385
2019-11-01,247.5087
2019-11-04,249.9623
2019-11-05,250.7942
2019-11-06,249.6823
2019-11-07,250.7252
2019-11-08,252.6165
2019-11-11,252.9538
2019-11-12,253.9302
2019-11-13,253.6743
2019-11-14,253.1989
2019-11-15,252.0582
2019-11-18,252.7573
2019-11-19,253.3045
2019-11-20,252.4871
2019-11-21,251.4373
2019-11-22,251.7261
2019-11-25,253.4382
2019-11-26,253.4195
2019-11-27,253.7698
2019-11-29,252.3861
2019-12-02,251.418
2019-12-03,247.5792
2019-12-04,248.9758
2019-12-05,249.0047
2019-12-06,250.7494
2019-12-09,252.0614
2019-12-10,250.9757
2019-12-11,249.7107
2019-12-12,249.9149
2019-12-13,251.0675
2019-12-16,251.8645
2019-12-17,252.455
2019-12-18,252.7824
2019-12-19,253.6271
2019-12-20,254.5985
2019-12-23,255.3588
2019-12-27,254.7386
2019-12-30,253.4711
2020-01-02,255.8729
2020-01-03,256.0019
2020-01-07,257.4301
2020-01-08,257.4594
2020-01-09,260.2334
2020-01-10,261.4643
2020-01-13,260.5273
2020-01-14,260.2267
2020-01-15,260.996
2020-01-16,262.4118
2020-01-17,264.5548
2020-01-21,264.0523
2020-01-22,265.8434
2020-01-23,263.4514
2020-01-24,266.133
2020-01-27,261.2848
2020-01-28,262.4178
2020-01-29,263.6505
2020-01-30,262.9341
2020-01-31,262.906
2020-02-03,262.3082
2020-02-04,263.7922
2020-02-05,265.2676
2020-02-06,268.2393
2020-02-07,267.5498
2020-02-10,267.8176
2020-02-11,269.7089
2020-02-12,270.0322
2020-02-13,270.4182
2020-02-14,271.8739
2020-02-18,273.3188
2020-02-19,275.0914
2020-02-20,275.0947
2020-02-21,270.7526
2020-02-24,263.7174
2020-02-25,261.6732
2020-02-26,256.734
2020-02-27,246.5363
2020-02-28,236.6012
2020-03-02,237.9911
2020-03-03,242.0772
2020-03-04,242.7683
2020-03-05,240.0788
2020-03-06,230.1403
2020-03-09,220.1794
2020-03-10,220.5749
2020-03-11,218.8861
2020-03-12,207.8124
2020-03-13,204.2472
2020-03-16,198.9215
2020-03-17,198.2066
2020-03-18,199.1454
2020-03-19,201.0197
2020-03-20,205.8378
2020-03-23,191.7496
2020-03-24,201.2769
2020-03-25,208.7866
2020-03-26,212.1229
2020-03-27,210.9305
2020-03-30,213.7964
2020-03-31,215.7601
2020-04-01,208.8284
2020-04-02,208.7619
2020-04-03,212.0312
2020-04-06,218.2008
2020-04-07,224.3348
2020-04-08,221.3469
2020-04-09,229.7653
2020-04-14,231.9974
2020-04-15,228.5488
2020-04-16,227.1021
2020-04-17,233.4103
2020-04-20,232.0265
2020-04-21,229.0345
2020-04-22,229.4687
2020-04-23,232.1022
2020-04-24,230.4585
2020-04-27,234.7168
2020-04-28,234.9852
2020-04-29,236.6282
2020-04-30,234.4759
2020-05-04,228.4533
2020-05-05,231.8263
2020-05-06,230.9441
2020-05-07,232.5921
2020-05-08,233.7371
2020-05-11,233.8013
2020-05-12,233.4877
2020-05-13,229.3718
2020-05-14,225.0902
2020-05-15,229.26
2020-05-18,234.4707
2020-05-19,233.3569
2020-05-20,233.3772
2020-05-22,232.9592
2020-05-26,237.9097
2020-05-27,237.7369
2020-05-28,239.7304
2020-05-29,235.8602
2020-06-01,236.3384
2020-06-02,237.1473
2020-06-03,240.3691
2020-06-04,239.6837
2020-06-05,241.7626
2020-06-08,243.8716
2020-06-09,242.9909
2020-06-10,244.6583
2020-06-11,237.9137
2020-06-12,236.9163
2020-06-15,233.0619
2020-06-16,242.9308
2020-06-17,243.2918
2020-06-18,242.9378
2020-06-22,241.6502
2020-06-23,242.555
2020-06-24,239.6588
2020-06-25,236.1974
2020-06-26,239.0091
2020-06-29,234.064
2020-06-30,237.8696
2020-07-01,240.3076
2020-07-02,243.7037
2020-07-06,244.7153
2020-07-07,243.4491
2020-07-08,242.0686
2020-07-09,241.7764
2020-07-10,240.6939
2020-07-13,244.0527
2020-07-14,239.2692
2020-07-15,243.4771
2020-07-16,242.0989
2020-07-17,242.4428
2020-07-20,241.9473
2020-07-21,243.526
2020-07-22,241.0123
2020-07-23,241.5705
2020-07-24,237.1843
2020-07-27,235.7631
2020-07-28,236.0832
2020-07-29,236.5609
2020-07-30,234.0707
2020-07-31,235.1481
2020-08-03,238.5652
2020-08-04,239.418
2020-08-05,238.7868
2020-08-06,239.4036
2020-08-07,241.3614
2020-08-10,240.9509
2020-08-11,243.1208
2020-08-12,243.0444
2020-08-13,242.8565
2020-08-14,242.6915
2020-08-17,243.4046
2020-08-18,242.4939
2020-08-19,243.3266
2020-08-20,244.0252
2020-08-21,246.4746
2020-08-24,248.1644
2020-08-25,248.9167
2020-08-26,249.0608
2020-08-27,250.9556
2020-08-28,248.8555
2020-08-31,248.6248
2020-09-01,248.9279
2020-09-02,252.8723
2020-09-03,254.3452
2020-09-04,248.0592
2020-09-08,245.3501
2020-09-09,245.1321
2020-09-10,246.1288
2020-09-11,243.8299
2020-09-14,246.5531
2020-09-15,248.7606
2020-09-16,249.2368
2020-09-17,246.1367
2020-09-18,245.5806
2020-09-21,241.4412
2020-09-22,242.9221
2020-09-23,246.2086
2020-09-24,245.8069
2020-09-25,246.867
2020-09-28,251.0237
2020-09-29,250.1844
2020-09-30,251.1381
2020-10-01,250.0376
2020-10-02,247.894
2020-10-05,249.5035
2020-10-06,251.7563
2020-10-07,251.188
2020-10-08,253.4751
2020-10-09,252.9796
2020-10-12,255.3194
2020-10-13,255.884
2020-10-14,256.2793
2020-10-15,253.1981
2020-10-16,254.8204
2020-10-19,253.5889
2020-10-20,251.1221
2020-10-21,250.285
2020-10-22,249.5374
2020-10-23,250.392
2020-10-26,246.3629
2020-10-27,244.7796
2020-10-28,241.2306
2020-10-29,243.0496
2020-10-30,238.3695
2020-11-02,244.4858
2020-11-03,246.9769
2020-11-04,249.6328
2020-11-05,252.4944
2020-11-06,251.1895
2020-11-09,257.4156
2020-11-10,254.1312
2020-11-11,257.1776
2020-11-12,255.7338
2020-11-13,257.8912
2020-11-16,260.0756
2020-11-17,258.3025
2020-11-18,259.1525
2020-11-19,257.9871
2020-11-20,258.3388
2020-11-23,259.4069
2020-11-24,260.0982
2020-11-25,259.1822
2020-11-27,260.9634
2020-11-30,259.1313
2020-12-01,262.285
2020-12-02,261.4395
2020-12-03,260.8038
2020-12-04,261.3718
2020-12-07,259.7788
2020-12-08,262.5307
2020-12-09,264.4111
2020-12-10,261.4503
2020-12-11,260.8534
2020-12-14,261.0006
2020-12-15,260.0226
2020-12-16,260.6265
2020-12-17,259.6758
2020-12-18,260.3076
2020-12-21,256.2507
2020-12-22,259.1912
2020-12-23,259.537
2020-12-28,260.8641
2020-12-29,259.4372
2020-12-30,259.4493
2021-01-04,260.9418
2021-01-05,258.8528
2021-01-07,263.9732
2021-01-08,266.3456
2021-01-11,268.1719
2021-01-12,267.5918
2021-01-13,269.1411
2021-01-14,270.7455
2021-01-15,269.3583
2021-01-19,268.615
2021-01-20,271.6459
2021-01-21,270.7978
2021-01-22,269.3837
2021-01-25,269.9343
2021-01-26,270.4378
2021-01-27,267.7969
2021-01-28,266.5632
2021-01-29,264.0808
2021-02-01,265.8661
2021-02-02,271.2976
2021-02-03,272.3647
2021-02-04,273.6946
2021-02-05,274.259
2021-02-08,276.3336
2021-02-09,275.2258
2021-02-10,275.5616
2021-02-11,275.5501
2021-02-12,275.9921
2021-02-16,277.5125
2021-02-17,276.8781
2021-02-18,275.0623
2021-02-19,275.0994
2021-02-22,272.702
2021-02-23,270.0516
2021-02-24,272.0296
2021-02-25,272.4399
2021-02-26,269.6973
2021-03-01,275.3945
2021-03-02,276.6339
2021-03-03,273.6253
2021-03-04,271.411
2021-03-05,272.2707
2021-03-08,276.5957
2021-03-09,277.7477
2021-03-10,279.1215
2021-03-11,280.6536
2021-03-12,280.9152
2021-03-15,282.8921
2021-03-16,284.9227
2021-03-17,282.1647
2021-03-18,283.6533
2021-03-19,282.6807
2021-03-22,282.3657
2021-03-23,283.4865
2021-03-24,283.1867
2021-03-25,280.6933
2021-03-26,285.2716
2021-03-29,288.3106
2021-03-30,289.6891
2021-03-31,289.9584
2021-04-01,291.6405
2021-04-06,294.3603
2021-04-07,293.0503
2021-04-08,292.6108
2021-04-09,292.7611
2021-04-12,294.0659
2021-04-13,294.0144
2021-04-14,292.989
2021-04-15,292.9145
2021-04-16,294.0016
2021-04-19,293.2522
2021-04-20,291.7516
2021-04-21,291.5946
2021-04-22,292.2797
2021-04-23,291.6977
2021-04-26,293.3657
2021-04-27,292.7995
2021-04-28,293.1126
2021-04-29,293.4676
2021-04-30,293.8847
2021-05-03,294.9347
2021-05-04,292.2533
2021-05-05,295.2487
2021-05-06,293.1235
2021-05-07,293.8281
2021-05-10,293.9098
2021-05-11,287.9886
2021-05-12,288.1731
2021-05-14,289.5877
2021-05-17,289.852
2021-05-18,288.9818
2021-05-19,284.8403
2021-05-20,289.0537
2021-05-21,291.3199
2021-05-24,292.0168
2021-05-25,291.104
2021-05-26,291.6296
2021-05-27,292.6885
2021-05-28,294.2107
2021-06-01,292.9077
2021-06-02,293.0816
2021-06-03,292.4073
2021-06-04,293.355
2021-06-07,293.7419
2021-06-08,293.9393
2021-06-09,293.602
2021-06-10,294.641
2021-06-11,296.4859
2021-06-14,297.391
2021-06-15,297.8937
2021-06-16,299.3211
2021-06-17,302.282
2021-06-18,303.1794
2021-06-21,301.025
2021-06-22,302.4476
2021-06-23,301.5879
2021-06-24,302.4626
2021-06-28,303.654
2021-06-29,306.5897
2021-06-30,305.0042
2021-07-01,306.6788
2021-07-02,308.8991
2021-07-06,309.4089
2021-07-07,311.6938
2021-07-08,306.6169
2021-07-09,309.7461
2021-07-12,311.8433
2021-07-13,313.4039
2021-07-14,313.7054
2021-07-15,313.0219
2021-07-16,313.1571
2021-07-19,305.9817
2021-07-20,309.45
2021-07-21,312.7213
2021-07-22,312.6525
2021-07-23,315.4008
2021-07-26,315.4736
2021-07-27,313.6341
2021-07-28,314.4374
2021-07-29,313.8443
2021-07-30,312.9188
2021-08-02,313.924
2021-08-03,313.58
2021-08-04,314.5602
2021-08-05,316.3864
2021-08-06,317.7527
2021-08-09,319.0559
2021-08-10,320.9669
2021-08-11,320.8723
2021-08-12,320.3255
2021-08-13,321.2893
2021-08-16,319.1461
2021-08-17,320.0199
2021-08-18,321.2333
2021-08-19,319.2623
2021-08-20,322.3389
2021-08-23,322.42
2021-08-24,322.7114
2021-08-25,322.9931
2021-08-26,322.6553
2021-08-27,322.2055
2021-08-30,322.4676
2021-08-31,321.4694
2021-09-01,322.4303
2021-09-02,322.6646
2021-09-03,320.9769
2021-09-07,321.8331
2021-09-08,322.5357
2021-09-09,322.8569
2021-09-10,321.808
2021-09-13,320.9296
2021-09-14,319.4778
2021-09-15,317.8202
2021-09-16,320.3779
2021-09-17,319.8738
2021-09-20,316.5911
2021-09-21,315.736
2021-09-22,315.8515
2021-09-23,318.6782
2021-09-24,319.2895
2021-09-27,319.9349
2021-09-28,317.5777
2021-09-29,317.0183
2021-09-30,316.9005
2021-10-01,312.2754
2021-10-04,312.7791
2021-10-05,312.0189
2021-10-06,312.916
2021-10-07,319.3269
2021-10-08,317.2351
2021-10-11,317.2015
2021-10-12,315.3886
2021-10-13,314.7195
2021-10-14,316.2228
2021-10-15,318.8863
2021-10-18,319.616
2021-10-19,320.4683
2021-10-20,321.7435
2021-10-21,321.7198
2021-10-22,321.9074
2021-10-25,322.9761
2021-10-26,324.8982
2021-10-27,324.1593
2021-10-28,322.8802
2021-10-29,322.318
2021-10-31,324.8568
2021-11-01,323.2203
2021-11-02,325.6809
2021-11-03,326.447
2021-11-04,329.7064
2021-11-05,331.5497
2021-11-08,331.8787
2021-11-09,328.8358
2021-11-10,331.2972
2021-11-11,333.0407
2021-11-12,334.974
2021-11-15,337.4327
2021-11-16,341.4863
2021-11-17,340.2329
2021-11-18,341.97
2021-11-19,343.606
2021-11-22,346.8637
2021-11-23,344.6893
2021-11-24,346.2168
2021-11-26,342.3631
2021-11-29,342.6397
2021-11-30,338.9794
2021-12-01,338.9372
2021-12-02,334.849
2021-12-03,338.8075
2021-12-06,336.5303
2021-12-07,345.5871
2021-12-08,345.0052
2021-12-09,344.7189
2021-12-10,344.6627
2021-12-13,344.2098
2021-12-14,342.479
2021-12-15,340.947
2021-12-16,344.0591
2021-12-17,340.9218
2021-12-20,338.0396
2021-12-21,341.4366
2021-12-22,343.6581
2021-12-23,348.5917
2021-12-27,350.5112
2021-12-28,352.0234
2021-12-29,350.192
2021-12-30,350.7817
2022-01-03,351.4343
2022-01-04,354.1576
2022-01-05,351.188
2022-01-07,345.5971
2022-01-10,341.8062
2022-01-11,342.5749
2022-01-12,344.5824
2022-01-13,342.285
2022-01-14,339.3974
2022-01-18,339.3871
2022-01-19,340.3961
2022-01-20,339.5497
2022-01-21,333.3025
2022-01-24,327.7343
2022-01-25,326.5065
2022-01-26,332.8064
2022-01-27,332.9006
2022-01-28,329.1909
2022-01-31,335.7485
2022-02-01,338.1042
2022-02-02,339.7797
2022-02-03,332.8745
2022-02-04,331.9988
2022-02-07,333.4642
2022-02-08,332.3373
2022-02-09,336.8293
2022-02-10,342.6312
2022-02-11,339.5996
2022-02-14,335.743
2022-02-15,336.4917
2022-02-16,336.5988
2022-02-17,337.269
2022-02-18,333.8762
2022-02-22,329.8451
2022-02-23,327.8099
2022-02-24,325.4884
2022-02-25,329.0087
2022-02-28,332.3394
2022-03-01,336.5245
2022-03-02,339.1705
2022-03-03,342.2196
2022-03-04,340.2071
2022-03-07,337.8629
2022-03-08,330.75
2022-03-09,328.6305
2022-03-10,329.213
2022-03-11,330.6129
2022-03-14,325.3088
2022-03-15,324.7435
2022-03-16,329.0865
2022-03-17,329.3568
2022-03-18,335.1836
2022-03-21,338.1897
2022-03-22,339.7683
2022-03-23,340.5795
2022-03-24,337.0027
2022-03-25,340.1967
2022-03-28,345.9016
2022-03-29,342.3048
2022-03-30,342.0426
2022-03-31,342.2214
2022-04-01,339.6752
2022-04-04,343.0551
2022-04-05,342.6521
2022-04-06,337.2071
2022-04-07,338.175
2022-04-08,338.3728
2022-04-11,337.1565
2022-04-12,337.0275
2022-04-13,335.654
2022-04-14,338.2712
2022-04-19,336.6058
2022-04-20,336.3832
2022-04-21,338.6615
2022-04-22,330.5957
2022-04-25,327.155
2022-04-26,331.2043
2022-04-27,331.7247
2022-04-28,330.2541
2022-04-29,333.478
2022-05-02,327.5999
2022-05-03,328.2007
2022-05-04,328.651
2022-05-05,330.9156
2022-05-06,321.7162
2022-05-09,323.2727
2022-05-10,322.5844
2022-05-11,318.7506
2022-05-12,314.6207
2022-05-13,321.9076
2022-05-16,321.5744
2022-05-17,321.3508
2022-05-18,320.7118
2022-05-19,311.558
2022-05-20,315.3011
2022-05-23,312.6855
2022-05-24,309.4578
2022-05-25,313.6151
2022-05-27,324.0945
2022-05-31,324.8538
2022-06-01,325.8991
2022-06-02,321.4234
2022-06-03,322.5943
2022-06-07,321.9279
2022-06-08,324.4029
2022-06-09,323.2126
2022-06-10,314.7497
2022-06-13,309.4881
2022-06-14,306.8064
2022-06-15,308.3857
2022-06-16,304.2615
2022-06-17,303.3807
2022-06-21,305.2629
2022-06-22,305.5085
2022-06-23,309.0237
2022-06-27,315.8374
2022-06-28,318.9913
2022-06-29,313.3282
2022-06-30,309.819
2022-07-01,315.4147
2022-07-05,317.3803
2022-07-06,324.2583
2022-07-07,327.8609
2022-07-08,326.8041
2022-07-11,328.3444
2022-07-12,325.8451
2022-07-13,321.5165
2022-07-14,319.0432
2022-07-15,322.6948
2022-07-18,323.4082
2022-07-19,319.1557
2022-07-20,323.2234
2022-07-21,325.3557
2022-07-22,327.5422
2022-07-25,324.0753
2022-07-26,325.8912
2022-07-27,328.5475
2022-07-28,331.4085
2022-07-29,335.2941
2022-08-01,334.4448
2022-08-02,334.7619
2022-08-03,337.4849
2022-08-04,339.1761
2022-08-05,337.6209
2022-08-08,340.8455
2022-08-09,335.1156
2022-08-10,338.7951
2022-08-11,340.3283
2022-08-12,344.647
2022-08-15,352.9752
2022-08-16,354.2091
2022-08-17,354.5023
2022-08-18,355.4929
2022-08-19,355.583
2022-08-22,353.6084
2022-08-23,348.513
2022-08-24,348.3591
2022-08-25,349.5171
2022-08-26,348.9311
2022-08-29,340.3323
2022-08-30,340.708
2022-08-31,339.3809
2022-09-01,335.4464
2022-09-02,338.6178
2022-09-06,335.6234
2022-09-07,334.1334
2022-09-08,337.8241
2022-09-09,340.3413
2022-09-12,342.1164
2022-09-13,338.007
2022-09-14,334.6212
2022-09-15,335.6083
2022-09-16,330.5462
2022-09-19,332.3407
2022-09-20,333.0158
2022-09-21,337.2635
2022-09-22,331.1457
2022-09-23,329.1074
2022-09-26,328.8711
2022-09-27,330.8191
2022-09-28,327.521
2022-09-29,324.3756
2022-09-30,320.3958
2022-10-03,320.6136
2022-10-04,327.6031
2022-10-05,328.5781
2022-10-06,328.2679
2022-10-07,321.6751
2022-10-10,323.5782
2022-10-11,321.3691
2022-10-12,319.6373
2022-10-13,326.7428
2022-10-14,319.5067
2022-10-17,324.4977
2022-10-18,325.4329
2022-10-19,324.9286
2022-10-20,322.832
2022-10-21,330.7307
2022-10-24,332.5553
2022-10-25,332.7826
2022-10-26,329.1312
2022-10-27,327.6549
2022-10-28,334.8096
2022-10-31,335.3664
2022-11-01,333.8506
2022-11-02,327.6353
2022-11-03,327.2826
2022-11-04,325.898
2022-11-07,326.0402
2022-11-08,325.4636
2022-11-09,323.3236
2022-11-10,333.7989
2022-11-11,331.168
2022-11-14,331.3359
2022-11-15,333.1994
2022-11-16,331.6576
2022-11-17,336.0033
2022-11-18,336.1637
2022-11-21,337.7818
2022-11-22,340.3832
2022-11-23,336.9341
2022-11-25,336.1269
2022-11-28,333.6975
2022-11-29,334.4378
2022-11-30,346.3282
2022-12-01,339.1241
2022-12-02,339.7524
2022-12-05,333.7971
2022-12-06,330.8518
2022-12-07,328.6482
2022-12-08,330.6614
2022-12-09,329.4471
2022-12-12,332.7237
2022-12-13,331.9147
2022-12-14,330.415
2022-12-15,324.8997
2022-12-16,323.7059
2022-12-19,321.6705
2022-12-20,321.8064
2022-12-21,325.9233
2022-12-22,323.4357
2022-12-23,326.2473
2022-12-27,322.7122
2022-12-28,319.6916
2022-12-29,324.8037
2022-12-30,322.4569
2023-01-03,326.3815
2023-01-04,328.5074
2023-01-05,330.0659
2023-01-09,329.1432
2023-01-10,331.7631
2023-01-11,337.3876
2023-01-12,338.6847
2023-01-13,338.824
2023-01-17,338.9809
2023-01-18,331.5796
2023-01-19,331.4241
2023-01-20,334.5371
2023-01-23,336.1688
2023-01-24,335.8162
2023-01-25,337.1329
2023-01-26,341.6666
2023-01-27,343.4943
2023-01-30,341.2085
2023-01-31,347.8423
2023-02-01,350.0046
2023-02-02,352.554
2023-02-03,354.5186
2023-02-06,355.9665
2023-02-07,359.1552
2023-02-08,355.9986
2023-02-09,344.392
2023-02-10,347.5538
2023-02-13,349.0876
2023-02-14,349.1827
2023-02-15,352.078
2023-02-16,348.9699
2023-02-17,349.4292
2023-02-21,338.0322
2023-02-22,340.0739
2023-02-23,342.0012
2023-02-24,340.1026
2023-02-27,339.2503
2023-02-28,339.149
2023-03-01,338.1541
2023-03-02,341.2033
2023-03-03,346.7786
2023-03-06,345.8558
2023-03-07,348.1574
2023-03-08,348.608
2023-03-09,345.9644
2023-03-10,338.3631
2023-03-13,336.2089
2023-03-14,337.2465
2023-03-15,339.2935
2023-03-16,340.8545
2023-03-17,338.0678
2023-03-20,336.6301
2023-03-21,339.6471
2023-03-22,336.5797
2023-03-23,335.6547
2023-03-24,340.8311
2023-03-27,340.3818
2023-03-28,338.8353
2023-03-29,345.278
2023-03-30,346.3988
2023-03-31,351.0435
2023-04-03,352.033
2023-04-04,347.4025
2023-04-05,350.2075
2023-04-06,352.2121
2023-04-11,353.3843
2023-04-12,349.2176
2023-04-13,351.8319
2023-04-14,352.2287
2023-04-17,354.2356
2023-04-18,353.6357
2023-04-19,354.1095
2023-04-20,351.9397
2023-04-21,352.8412
2023-04-24,351.469
2023-04-25,348.3982
2023-04-26,347.9988
2023-04-27,352.2028
2023-04-28,352.8
2023-05-02,352.1976
2023-05-03,348.8342
2023-05-04,347.858
2023-05-05,349.8922
2023-05-08,349.9334
2023-05-09,349.5637
2023-05-10,351.754
2023-05-11,354.8544
2023-05-12,355.8613
2023-05-15,356.6106
2023-05-16,356.3491
2023-05-17,360.9052
2023-05-19,366.6527
2023-05-22,367.7892
2023-05-23,365.5584
2023-05-24,365.2599
2023-05-25,370.8383
2023-05-26,374.9468
2023-05-30,377.3737
2023-05-31,374.9512
2023-06-01,378.2941
2023-06-02,380.1941
2023-06-05,383.5887
2023-06-07,381.7033
2023-06-08,382.2024
2023-06-09,383.3088
2023-06-12,386.0417
2023-06-13,385.2745
2023-06-14,385.642
2023-06-15,387.4458
2023-06-16,387.3123
2023-06-20,392.0553
2023-06-21,385.0455
2023-06-22,386.0895
2023-06-26,380.8635
2023-06-27,385.8044
2023-06-28,389.2066
2023-06-29,391.4296
2023-06-30,394.3092
2023-07-03,396.492
2023-07-05,396.4362
2023-07-06,395.005
2023-07-07,389.4477
2023-07-10,389.4242
2023-07-11,386.5545
2023-07-12,380.6124
2023-07-13,377.8512
2023-07-14,379.687
2023-07-17,381.9046
2023-07-18,382.0638
2023-07-19,385.1599
2023-07-20,383.932
2023-07-21,387.2138
2023-07-24,387.3593
2023-07-25,387.8787
2023-07-26,390.0631
2023-07-27,390.3492
2023-07-28,394.4982
2023-07-31,394.9533
2023-08-01,396.1995
2023-08-02,395.1436
2023-08-03,392.9537
2023-08-04,386.07
2023-08-07,389.8281
2023-08-08,392.858
2023-08-09,388.6168
2023-08-10,387.0731
2023-08-11,392.3585
2023-08-14,394.2967
2023-08-15,390.4267
2023-08-16,389.9283
2023-08-17,386.9808
2023-08-18,389.3742
2023-08-21,391.1543
2023-08-22,390.0665
2023-08-23,394.7175
2023-08-24,391.3876
2023-08-25,396.1616
2023-08-28,396.0359
2023-08-29,400.5565
2023-08-30,397.4236
2023-08-31,401.5995
2023-09-01,404.1693
2023-09-05,405.9294
2023-09-06,403.0572
2023-09-07,401.9874
2023-09-08,400.6141
2023-09-11,402.7194
2023-09-12,402.0342
2023-09-13,402.5213
2023-09-14,407.0358
2023-09-15,404.1064
2023-09-18,404.207
2023-09-19,401.0459
2023-09-20,396.1718
2023-09-21,394.0611
2023-09-22,390.6022
2023-09-25,388.7562
2023-09-26,382.2269
2023-09-27,381.0556
2023-09-28,381.1466
2023-09-29,378.4616
2023-10-02,383.075
2023-10-03,379.8722
2023-10-04,382.9442
2023-10-05,380.8306
2023-10-06,385.0805
2023-10-09,385.0198
2023-10-10,385.3204
2023-10-11,386.7807
2023-10-12,387.6934
2023-10-13,386.6709
2023-10-16,385.927
2023-10-17,385.4216
2023-10-18,383.946
2023-10-19,378.4131
2023-10-20,374.2329
2023-10-23,375.695
2023-10-24,380.6441
2023-10-25,376.22
2023-10-26,373.6242
2023-10-27,371.012
2023-10-30,375.2122
2023-10-31,377.8467
2023-11-01,384.056
2023-11-02,388.4183
2023-11-03,384.943
2023-11-06,385.4688
2023-11-07,387.7741
2023-11-08,386.8113
2023-11-09,383.5354
2023-11-10,389.6421
2023-11-13,387.3748
2023-11-14,387.7837
2023-11-15,384.8502
2023-11-16,386.719
2023-11-17,387.0866
2023-11-20,387.0332
2023-11-21,384.7852
2023-11-22,389.56
2023-11-24,387.2688
2023-11-27,387.0601
2023-11-28,384.377
2023-11-29,384.0307
2023-11-30,389.6071
2023-12-01,390.242
2023-12-04,389.1333
2023-12-05,390.0009
2023-12-06,388.4478
2023-12-07,389.6908
2023-12-08,392.9433
2023-12-11,395.9967
2023-12-12,396.0218
2023-12-13,399.9877
2023-12-14,393.8612
2023-12-15,395.9006
2023-12-18,394.4899
2023-12-19,394.9753
2023-12-20,390.0702
2023-12-21,392.0871
2023-12-22,389.4784
2023-12-27,388.4167
2023-12-28,390.1638
2023-12-29,393.9872
2024-01-02,394.863
2024-01-03,395.159
2024-01-04,391.3098
2024-01-05,391.6935
2024-01-08,398.0424
2024-01-09,399.4888
2024-01-10,399.9299
2024-01-11,402.2889
2024-01-12,402.0589
2024-01-16,406.1983
2024-01-17,405.9875
2024-01-18,409.1047
2024-01-19,413.55
2024-01-22,413.8894
2024-01-23,416.301
2024-01-24,414.3
2024-01-25,416.265
2024-01-26,415.6188
2024-01-29,420.6513
2024-01-30,418.5048
2024-01-31,409.8266
2024-02-01,417.1225
2024-02-02,422.3444
2024-02-05,427.0016
2024-02-06,423.9794
2024-02-07,424.8809
2024-02-08,425.9963
2024-02-09,427.0987
2024-02-12,425.0847
2024-02-13,425.7123
2024-02-14,427.7647
2024-02-15,427.095
2024-02-16,426.4265
2024-02-20,420.4116
2024-02-21,421.0876
2024-02-22,428.0186
2024-02-23,427.5376
2024-02-26,425.6758
2024-02-27,426.6249
2024-02-28,427.2564
2024-02-29,429.0912
2024-03-01,431.8681
2024-03-04,433.231
2024-03-05,429.4399
2024-03-06,429.2002
2024-03-07,432.3042
2024-03-08,427.6592
2024-03-11,428.1978
2024-03-12,432.5829
2024-03-13,431.1865
2024-03-14,433.4848
2024-03-15,431.8814
2024-03-18,436.732
2024-03-19,438.7227
2024-03-20,443.4077
2024-03-21,445.2071
2024-03-22,448.5886
2024-03-25,448.1186
2024-03-26,447.5262
2024-03-27,451.821
2024-03-28,455.1657
2024-04-02,450.9221
2024-04-03,448.7815
2024-04-04,441.6642
2024-04-05,447.328
2024-04-08,444.0623
2024-04-09,444.8199
2024-04-10,446.5049
2024-04-11,452.3024
2024-04-12,452.1679
2024-04-15,446.5582
2024-04-16,446.0324
2024-04-17,445.5031
2024-04-18,442.7844
2024-04-19,436.6594
2024-04-22,440.8891
2024-04-23,443.4113
2024-04-24,445.8408
2024-04-25,444.9711
2024-04-26,451.1982
2024-04-29,452.3481
2024-04-30,448.8131
2024-05-02,448.7764
2024-05-03,450.828
2024-05-06,454.2147
2024-05-07,456.6225
2024-05-08,458.8183
2024-05-10,460.2386
2024-05-13,459.6355
2024-05-14,461.8301
2024-05-15,463.1278
2024-05-16,462.4301
2024-05-17,462.6245
2024-05-20,463.0374
2024-05-21,463.5874
2024-05-22,463.7835
2024-05-23,461.6575
2024-05-24,460.8384
2024-05-28,457.1219
2024-05-29,457.5564
2024-05-30,453.3382
2024-05-31,452.706
2024-06-03,450.914
2024-06-04,452.722
2024-06-05,456.8202
2024-06-07,460.8047
2024-06-10,460.79
2024-06-11,461.2538
2024-06-12,457.3797
2024-06-13,464.2225
2024-06-14,467.4809
2024-06-17,469.0244
2024-06-18,467.2107
2024-06-20,465.6942
2024-06-24,463.5731
2024-06-25,468.0357
2024-06-26,470.6299
2024-06-27,472.7713
2024-06-28,470.3121
2024-07-01,473.8044
2024-07-02,475.1843
2024-07-03,472.6484
2024-07-05,477.0386
2024-07-08,479.7468
2024-07-09,480.7912
2024-07-10,485.1051
2024-07-11,479.2565
2024-07-12,484.8713
2024-07-15,487.1911
2024-07-16,490.3862
2024-07-17,480.7108
2024-07-18,476.9285
2024-07-19,478.8102
2024-07-22,486.3648
2024-07-23,488.0926
2024-07-24,477.6319
2024-07-25,475.4831
2024-07-26,479.9859
2024-07-29,481.5763
2024-07-30,477.197
2024-07-31,482.8112
2024-08-01,474.1337
2024-08-02,459.9496
2024-08-05,443.9094
2024-08-06,448.6537
2024-08-07,443.0656
2024-08-08,455.0076
2024-08-09,456.5998
2024-08-12,457.187
2024-08-13,465.1839
2024-08-14,464.1238
2024-08-15,474.2518
2024-08-16,476.584
2024-08-19,473.5525
2024-08-20,469.4975
2024-08-21,470.8597
2024-08-22,467.9871
2024-08-23,471.5493
2024-08-26,469.7996
2024-08-27,469.9295
2024-08-28,467.258
2024-08-29,470.1871
2024-08-30,474.0958
2024-09-03,468.5682
2024-09-04,464.0074
2024-09-05,464.2126
2024-09-06,455.1977
2024-09-09,465.3124
2024-09-10,467.7872
2024-09-11,472.4238
2024-09-12,473.0852
2024-09-13,470.7426
2024-09-16,470.4727
2024-09-17,469.6577
2024-09-18,468.6887
2024-09-19,475.9379
2024-09-20,474.8785
2024-09-23,475.442
2024-09-24,474.45
2024-09-25,474.6571
2024-09-26,476.9148
2024-09-27,475.4542
2024-09-30,477.9832
2024-10-01,478.7314
2024-10-02,478.4211
2024-10-03,478.9206
2024-10-04,483.922
2024-10-07,480.6636
2024-10-08,484.3591
2024-10-09,488.779
2024-10-10,488.6675
2024-10-11,489.6279
2024-10-14,495.1583
2024-10-15,489.5632
2024-10-16,495.2889
2024-10-17,498.2559
2024-10-18,500.9536
2024-10-21,500.0598
2024-10-22,498.3758
2024-10-23,496.5772
2024-10-24,497.1973
2024-10-25,496.7655
2024-10-28,501.3498
2024-10-29,503.0837
2024-10-30,501.4965
2024-10-31,493.7277
2024-11-01,497.2047
2024-11-04,494.3412
2024-11-05,500.9328
2024-11-06,514.8284
2024-11-07,511.8461
2024-11-08,519.3491
2024-11-11,521.2478
2024-11-12,521.5077
2024-11-13,522.6253
2024-11-14,519.6597
2024-11-15,514.863
2024-11-18,514.5929
2024-11-19,516.767
2024-11-20,520.4086
2024-11-21,522.398
2024-11-22,524.7868
2024-11-25,524.5266
2024-11-26,527.0952
2024-11-27,521.0986
2024-11-29,525.2267
2024-12-02,532.0529
2024-12-03,532.9005
2024-12-04,533.2548
2024-12-05,530.0628
2024-12-06,534.2032
2024-12-09,529.597
2024-12-10,531.6634
2024-12-11,535.7909
2024-12-12,534.7042
2024-12-13,532.6596
2024-12-16,530.1479
2024-12-17,530.7234
2024-12-18,518.5951
2024-12-19,517.9412
2024-12-20,522.6837
2024-12-23,527.1021
2024-12-27,526.065
2024-12-30,522.4532
2025-01-02,523.7422
2025-01-03,528.4559
2025-01-07,525.6147
2025-01-08,529.6916
2025-01-10,523.495
2025-01-13,526.567
2025-01-14,521.613
2025-01-15,528.7251
2025-01-16,529.2679
2025-01-17,533.7625
2025-01-21,533.39
2025-01-22,536.633
2025-01-23,539.9024
2025-01-24,534.2448
2025-01-27,528.6887
2025-01-28,536.7701
2025-01-29,534.6695
2025-01-30,537.9676
2025-01-31,538.7944
2025-02-03,535.4519
2025-02-04,532.501
2025-02-05,531.0668
2025-02-06,534.9208
2025-02-07,530.8931
2025-02-10,533.0784
2025-02-11,531.0914
2025-02-12,531.7423
2025-02-13,533.0835
2025-02-14,529.4397
2025-02-18,530.9669
2025-02-19,531.9735
2025-02-20,526.1372
2025-02-21,518.0271
2025-02-24,516.2051
2025-02-25,511.8396
2025-02-26,513.6074
2025-02-27,510.7666
2025-02-28,516.3204
2025-03-03,502.6687
2025-03-04,495.7154
2025-03-05,489.3773
2025-03-06,478.0751
2025-03-07,474.9893
2025-03-10,465.5015
2025-03-11,457.4697
2025-03-12,461.4165
2025-03-13,461.3644
2025-03-14,467.6503
2025-03-17,468.3863
2025-03-18,463.2076
2025-03-19,471.1173
2025-03-20,470.5193
2025-03-21,470.1826
2025-03-24,475.5526
2025-03-25,472.9975
2025-03-26,467.3749
2025-03-27,464.989
2025-03-28,456.0236
2025-03-31,457.5485
2025-04-01,457.2849
2025-04-02,456.5155
2025-04-03,429.6982
2025-04-04,420.555
2025-04-07,412.7478
2025-04-08,409.5955
2025-04-09,439.4878
2025-04-10,423.9838
2025-04-11,433.8149
2025-04-14,429.5314
2025-04-15,435.8841
2025-04-16,426.7074
2025-04-17,421.0036
2025-04-22,417.4342
2025-04-23,428.4426
2025-04-24,434.7529
2025-04-25,441.5925
2025-04-28,439.5996
2025-04-29,442.911
2025-04-30,444.6266
2025-05-02,451.2106
2025-05-05,451.1193
2025-05-06,445.4621
2025-05-07,447.7783
2025-05-08,453.3053
2025-05-09,453.8731
2025-05-12,470.2862
2025-05-13,470.634
2025-05-14,471.1003
2025-05-15,473.7257
2025-05-16,478.6689
2025-05-19,475.3436
2025-05-20,473.1174
2025-05-21,462.8997
2025-05-22,465.7718
2025-05-23,458.2214
2025-05-27,471.412
2025-05-28,469.3647
2025-05-30,469.8415
2025-06-02,468.547
2025-06-03,473.5121
2025-06-04,473.6929
2025-06-05,470.7087
2025-06-09,476.8831
2025-06-10,478.2024
2025-06-11,475.6403
2025-06-12,471.949
2025-06-13,468.8375
2025-06-16,471.1076
2025-06-17,468.8251
2025-06-18,473.7533
2025-06-23,476.6878
2025-06-24,477.6945
2025-06-25,476.2426
2025-06-26,479.3467
2025-06-27,482.2609
2025-06-30,486.7009
2025-07-01,484.0507
2025-07-02,489.1285
2025-07-03,493.4621
2025-07-07,486.8235
2025-07-08,488.4096
2025-07-09,489.9254
2025-07-10,491.5324
2025-07-11,489.3356
2025-07-14,493.5063
2025-07-15,495.9092
2025-07-16,499.785
2025-07-17,503.3268
2025-07-18,498.6887
2025-07-21,494.9534
2025-07-22,493.4449
2025-07-23,497.2331
2025-07-24,498.3271
2025-07-25,499.7247
2025-07-28,501.6502
2025-07-29,503.8546
2025-07-30,505.9954
2025-07-31,505.4985
2025-08-01,494.0763
2025-08-04,500.5804
2025-08-05,498.8651
2025-08-06,501.1172
2025-08-07,500.0266
2025-08-08,502.1369
2025-08-11,504.5782
2025-08-12,505.4531
2025-08-13,506.0044
2025-08-14,508.4266
2025-08-15,506.8556
2025-08-18,507.4906
2025-08-19,505.4688
2025-08-20,504.9124
2025-08-21,504.3907
2025-08-22,506.1253
2025-08-25,505.0455
2025-08-26,506.9024
2025-08-27,508.235
2025-08-28,506.0365
2025-08-29,501.6785
2025-09-02,495.6401
2025-09-03,498.2892
2025-09-04,505.2181
2025-09-05,498.9934
2025-09-08,500.9116
2025-09-09,502.1613
2025-09-10,499.8238
2025-09-11,504.2074
2025-09-12,504.4117
2025-09-15,504.6797
2025-09-16,501.4441
2025-09-17,502.5551
2025-09-18,509.8806
2025-09-19,514.5177
2025-09-22,515.0805
2025-09-23,510.3933
2025-09-24,511.3163
2025-09-25,511.9403
2025-09-26,512.4529
2025-09-29,514.1695
2025-09-30,515.7178
2025-10-01,515.87
2025-10-02,519.8089
2025-10-03,518.0153
2025-10-06,520.3224
2025-10-07,519.0847
2025-10-08,523.0229
2025-10-09,526.8045
2025-10-10,514.0461
2025-10-13,520.3415
2025-10-14,520.8321
2025-10-15,520.5135
2025-10-16,515.9472
2025-10-17,518.1275
2025-10-20,522.3313
2025-10-21,522.5995
2025-10-22,518.1811
2025-10-23,519.9481
2025-10-24,524.5905
2025-10-27,530.5838
2025-10-28,530.1614
2025-10-29,529.999
2025-10-30,528.9005
2025-10-31,533.3461
2025-11-03,533.2963
2025-11-04,531.3129
2025-11-05,533.4835
2025-11-06,529.2579
2025-11-07,526.5996
2025-11-10,533.7063
2025-11-11,531.8444
2025-11-12,532.5253
2025-11-13,522.0539
2025-11-14,522.9696
2025-11-17,519.4679
2025-11-18,515.1698
2025-11-19,519.0111
2025-11-20,512.8051
2025-11-21,519.0294
2025-11-24,524.4996
2025-11-25,529.6771
2025-11-26,531.3869
2025-11-28,530.1675
2025-12-01,527.6751
2025-12-02,529.4813
2025-12-03,527.7404
2025-12-04,530.7171
2025-12-05,531.3342
2025-12-08,530.6734
2025-12-09,526.674
2025-12-10,526.7692
2025-12-11,525.0006
2025-12-12,522.7973
2025-12-15,522.2512
2025-12-16,521.7121
2025-12-17,516.1901
2025-12-18,519.9736
2025-12-19,523.8649
2025-12-22,523.764
2025-12-23,523.9833
2025-12-29,524.0737
2025-12-30,523.6223
2026-01-02,521.1669
2026-01-05,525.0602
2026-01-07,525.5422
2026-01-08,526.5004
2026-01-09,528.9015
2026-01-12,527.3787
2026-01-13,528.1632
2026-01-14,524.8847
2026-01-15,528.8665
2026-01-16,528.3928
2026-01-20,512.7142
2026-01-21,514.4511
2026-01-22,514.2415
2026-01-23,513.5288
2026-01-26,512.0015
2026-01-27,509.9995
2026-01-28,509.6688
2026-01-29,509.1448
2026-01-30,506.3969
2026-02-02,514.5124
2026-02-03,506.9114
2026-02-04,511.1118
2026-02-05,506.1595
2026-02-06,514.4425
2026-02-09,513.396
2026-02-10,510.8177
2026-02-11,511.6278
2026-02-12,503.4201
2026-02-13,505.9703
2026-02-17,510.3691
2026-02-18,511.7841
2026-02-19,514.6741
2026-02-20,516.9582
2026-02-23,512.3662
2026-02-24,515.7405
2026-02-25,518.896
2026-02-26,518.4941
2026-02-27,515.077
2026-03-02,520.2954
2026-03-03,520.0967
2026-03-04,516.577
2026-03-05,516.8527
2026-03-06,509.3478
2026-03-09,510.2119
2026-03-10,508.7459
2026-03-11,512.0012
2026-03-12,509.5896
2026-03-13,510.0088
2026-03-16,511.2488
2026-03-17,509.0562
2026-03-18,506.3852
2026-03-19,502.8339
2026-03-20,495.7254
2026-03-23,499.8422
2026-03-24,497.6435
2026-03-25,502.933
2026-03-26,497.8393
2026-03-27,491.9037
2026-03-30,495.2846
2026-03-31,506.6483
2026-04-01,505.9592
2026-04-02,507.9887
2026-04-07,514.7287
2026-04-08,517.431
2026-04-09,522.0988
2026-04-10,518.466
2026-04-13,520.6303
2026-04-14,525.2793
2026-04-15,528.9534
2026-04-16,531.1174
2026-04-17,534.5299
2026-04-20,534.7453
2026-04-21,531.5339
2026-04-22,536.7087
2026-04-23,534.8332
2026-04-24,540.5337
2026-04-27,538.5266
2026-04-28,540.3939
2026-04-29,538.9849
2026-04-30,543.0206
2026-05-04,541.4643
2026-05-05,544.1586
2026-05-06,552.2417
2026-05-07,550.5405
2026-05-08,553.6828
2026-05-11,553.55
2026-05-12,556.5276
2026-05-13,560.7185
2026-05-15,563.8295
2026-05-18,562.3422
2026-05-19,559.9527
2026-05-20,561.6968
2026-05-21,564.6159
2026-05-22,567.1161
2026-05-26,567.3576
2026-05-27,565.4957
2026-05-28,566.7732
2026-05-29,566.8806
2026-06-01,572.3214
2026-06-02,572.2133
2026-06-03,573.4736
2026-06-04,574.4803
2026-06-05,565.3332
2026-06-08,564.6148
2026-06-09,565.1404
2026-06-10,559.2265
2026-06-11,571.2244
2026-06-12,568.0149
2026-06-15,575.2593
2026-06-16,572.7195
2026-06-17,569.9797
2026-06-18,582.7074
2026-06-22,584.72
2026-06-23,582.7724
2026-06-24,585.2808
2026-06-25,582.5212
2026-06-26,582.3963
2026-06-29,588.6016
2026-06-30,590.2894
2026-07-01,591.7161
2026-07-02,589.421
2026-07-06,593.954
2026-07-07,591.4945
2026-07-08,590.6015
2026-07-09,592.8996
2026-07-10,594.3095
2026-07-13,591.2437
2026-07-14,591.0756
2026-07-15,594.1449
2026-07-16,591.5548
2026-07-17,585.514
2026-07-20,585.7541
2026-07-21,592.0537
2026-07-22,590.9334
2026-07-23,587.3948
2026-07-24,585.0424
2026-07-27,587.5805
2026-07-28,587.916
2026-07-29,580.5617
2026-07-30,580.818
2026-07-31,582.6758
2026-08-03,590.5913
2026-08-04,599.3187
2026-08-05,596.2957
2026-08-06,596.2329
2026-08-07,599.6637
2026-08-10,599.8778
2026-08-11,599.5914
2026-08-12,602.7906
2026-08-13,606.7614
2026-08-14,603.0588
2026-08-17,599.4498
2026-08-18,596.8251
2026-08-19,592.7324
2026-08-20,591.1644
2026-08-21,593.2601
2026-08-24,593.8082
2026-08-25,594.6865
2026-08-26,598.2966
2026-08-27,600.3668
2026-08-28,602.2242
2026-08-31,601.305
2026-09-01,596.4328
2026-09-02,600.5951
2026-09-03,603.9942
2026-09-04,602.6443
2026-09-08,600.4824
2026-09-09,596.0358
2026-09-10,597.2941
2026-09-11,602.9071
2026-09-14,606.0316
2026-09-15,602.2093
2026-09-16,601.3865
2026-09-17,609.7238
2026-09-18,611.9256
2026-09-21,618.7783
