contribution_date,price_observation_date,contribution_sek,dnb_nav_sek,dnb_units_bought,dnb_order_fee_sek,etf_close_eur,etf_buy_price_eur,eur_sek,etf_units_bought,etf_commission_eur,etf_fx_fee_sek,etf_spread_cost_sek
2010-09-30,2010-09-30,25000.0,113.80367869628513,219.6765542765892,0.0,19.440000534057617,19.449720534324644,9.1421,140,1.3614804374027252,7.499999999999999,12.440570021766277
2010-10-31,2010-10-29,25000.0,118.08996344116211,211.7030039767618,0.0,19.559999465942383,19.569779465675353,9.361,136,1.330745003665924,7.499999999999999,12.450878540045391
2010-11-30,2010-11-30,25000.0,120.92182368372266,206.74514523853696,0.0,20.489999771118164,20.50024477100372,9.1715,133,1.3632662772717474,7.499999999999999,12.496948187902078
2010-12-31,2010-12-31,25000.0,123.27237213269233,202.80294414298774,0.0,21.5,21.510749999999998,8.9655,130,1.3981987499999997,7.499999999999999,12.529286249997716
2011-01-31,2011-01-31,25000.0,121.87197646019933,205.13329418403617,0.0,21.34000015258789,21.350670152664183,8.867,132,1.4091442300758361,7.499999999999999,12.488637569295562
2011-02-28,2011-02-28,25000.0,124.01717827214945,201.58497676135445,0.0,21.8799991607666,21.890939160346985,8.7445,130,1.422911045422554,7.499999999999999,12.436427422986128
2011-03-31,2011-03-31,25000.0,121.89973558751436,205.08658102914407,0.0,21.040000915527344,21.050520915985107,8.9329,133,1.3998596409130095,7.499999999999999,12.498556907857388
2011-04-30,2011-04-29,25000.0,120.96028815985608,206.6794018129408,0.0,20.969999313354492,20.980484313011168,8.914,134,1.4056924489717484,7.499999999999999,12.52408044990724
2011-05-31,2011-05-31,25000.0,122.00262327722643,204.91362667827664,0.0,21.190000534057617,21.200595534324645,8.8932,132,1.3992393052654266,7.499999999999999,12.437496241464391
2011-06-30,2011-06-30,25000.0,122.74714718895666,203.67072125525704,0.0,20.729999542236328,20.740364542007445,9.1739,131,1.3584938775014876,7.499999999999999,12.456458753432303
2011-07-31,2011-07-29,25000.0,120.41560469148247,207.614287733327,0.0,20.59000015258789,20.600295152664184,9.0689,134,1.3802197752285004,7.499999999999999,12.510819709714715
2011-08-31,2011-08-31,25000.0,112.07274209961885,223.06940592011287,0.0,19.09000015258789,19.099545152664184,9.164,143,1.365617478415489,7.499999999999999,12.50826443997933
2011-09-30,2011-09-30,25000.0,111.28259189148072,224.65328651204686,0.0,18.709999084472656,18.719354084014892,9.258,144,1.3477934940490723,7.499999999999999,12.471636349730648
2011-10-31,2011-10-31,25000.0,114.88617437642017,217.6066888439374,0.0,19.88999938964844,19.899944389343265,9.009,139,1.3830461350593568,7.499999999999999,12.453635812842753
2011-11-30,2011-11-30,25000.0,118.13573109506,211.6209868789258,0.0,19.989999771118164,19.99999477100372,9.146,137,1.3699996418137548,7.499999999999999,12.523754846601955
2011-12-31,2011-12-30,25000.0,118.9919229301006,210.09829393786455,0.0,20.799999237060547,20.810399236679075,8.912,134,1.394296748857498,7.499999999999999,12.419762744443087
2012-01-31,2012-01-31,25000.0,123.98590327978056,201.63582583728262,0.0,21.579999923706055,21.590789923667906,8.8967,131,1.414196740000248,7.499999999999999,12.575396438538615
2012-02-29,2012-02-29,25000.0,125.67219754801424,198.93023666152186,0.0,22.209999084472656,22.22110408401489,8.8088,127,1.4110401093349456,7.499999999999999,12.42335843588848
2012-03-31,2012-03-30,25000.0,128.3149587624934,194.83309070982241,0.0,22.530000686645508,22.54126568698883,8.8455,125,1.4088291054368018,7.499999999999999,12.455570067106482
2012-04-30,2012-04-30,25000.0,128.6711107103789,194.29380738207493,0.0,22.38999938964844,22.401194389343264,8.9185,125,1.4000746493339542,7.499999999999999,12.48032559728445
2012-05-31,2012-05-31,25000.0,127.27780806592673,196.4207302112763,0.0,21.84000015258789,21.850920152664184,8.9752,128,1.3984588897705077,7.499999999999999,12.54517563964762
2012-06-30,2012-06-29,25000.0,126.93287806929509,196.9544879172441,0.0,22.40999984741211,22.421204847335815,8.7728,127,1.4237465078058242,7.499999999999999,12.484001362997184
2012-07-31,2012-07-31,25000.0,125.70945962810752,198.87127089686592,0.0,23.450000762939453,23.46172576332092,8.359,127,1.4898195859708785,7.499999999999999,12.447178329963238
2012-08-31,2012-08-31,25000.0,126.11877846527253,198.22583364842757,0.0,23.540000915527344,23.551770915985106,8.3362,127,1.4955374531650543,7.499999999999999,12.460868882631553
2012-09-30,2012-09-28,25000.0,128.46405393771627,194.60696773683358,0.0,23.549999237060547,23.561774236679074,8.4498,126,1.4843917769107815,7.499999999999999,12.536545363855799
2012-10-31,2012-10-31,25000.0,129.2059202491368,193.4895858625876,0.0,23.190000534057617,23.201595534324646,8.6,125,1.4500997208952904,7.499999999999999,12.46462528705603
2012-11-30,2012-11-30,25000.0,130.94228423264641,190.92381155946737,0.0,23.440000534057617,23.451720534324643,8.6625,123,1.4422808128609657,7.499999999999999,12.487513784512768
2012-12-31,2012-12-31,25000.0,130.44327940013338,191.65418191697532,0.0,23.38999938964844,23.401694389343263,8.582,124,1.4509050521392823,7.499999999999999,12.445444435238766
2013-01-31,2013-01-31,25000.0,134.1563588887021,186.34972063262637,0.0,24.059999465942383,24.072029465675353,8.6325,121,1.4563577826733587,7.499999999999999,12.565725696078752
2013-02-28,2013-02-28,25000.0,136.39804786329637,183.28708065569978,0.0,25.010000228881836,25.022505228996277,8.4475,118,1.4763278085107805,7.499999999999999,12.46504663907525
2013-03-31,2013-03-29,25000.0,140.20597372971244,178.30909293633044,0.0,26.06999969482422,26.08303469467163,8.3553,114,1.4867329775962828,7.499999999999999,12.41589210165693
2013-04-30,2013-04-30,25000.0,144.0206901791653,173.58616993780115,0.0,26.15999984741211,26.173079847335813,8.542,112,1.4656924714508055,7.499999999999999,12.513688247007428
2013-05-31,2013-05-31,25000.0,147.79958210648806,169.14797487037384,0.0,26.86000061035156,26.873430610656733,8.5828,108,1.4511652529754635,7.499999999999999,12.44883671487887
2013-06-30,2013-06-28,25000.0,147.65202224841144,169.31701726333094,0.0,26.010000228881836,26.023005228996276,8.7773,110,1.431265287594795,7.499999999999999,12.556366625491897
2013-07-31,2013-07-31,25000.0,149.9003116574407,166.77750515376636,0.0,26.86000061035156,26.873430610656733,8.7128,106,1.424291822364807,7.499999999999999,12.40336810584567
2013-08-31,2013-08-30,25000.0,148.37201628954944,168.49538494652697,0.0,26.25,26.263125,8.7503,109,1.4313403125,7.499999999999999,12.51839793749878
2013-09-30,2013-09-30,25000.0,150.6653105555213,165.93069703850182,0.0,26.969999313354492,26.983484313011168,8.6575,107,1.4436164107460976,7.499999999999999,12.491863144460687
2013-10-31,2013-10-31,25000.0,157.6364413777394,158.59277069122146,0.0,27.989999771118164,28.003994771003722,8.8052,101,1.414201735935688,7.499999999999999,12.44610607222362
2013-11-30,2013-11-29,25000.0,162.47431705859375,153.87047290055173,0.0,28.40999984741211,28.424204847335815,8.9075,99,1.4069981399431228,7.499999999999999,12.526572645220657
2013-12-31,2013-12-31,25000.0,162.76464578718162,153.59600900485512,0.0,28.510000228881836,28.524255228996275,8.8591,99,1.4119506338353156,7.499999999999999,12.502360679868465
2014-01-31,2014-01-31,25000.0,159.52597808128303,156.71428754545408,0.0,28.059999465942383,28.074029465675352,8.8509,100,1.4037014732837676,7.499999999999999,12.417812463653659
2014-02-28,2014-02-28,25000.0,164.05380789274923,152.38902602214418,0.0,28.920000076293945,28.93446007633209,8.8525,98,1.4177885437402724,7.499999999999999,12.544700733092661
2014-03-31,2014-03-31,25000.0,166.33148602548755,150.3022704683175,0.0,28.920000076293945,28.93446007633209,8.9483,96,1.3888540836639405,7.499999999999999,12.421672160768114
2014-04-30,2014-04-30,25000.0,169.09930490900626,147.84212160690257,0.0,29.020000457763672,29.034510457992553,9.0723,95,1.3791392467546464,7.499999999999999,12.505712132265653
2014-05-31,2014-05-30,25000.0,175.86351124077373,142.15569690163096,0.0,30.100000381469727,30.11505038166046,9.0823,92,1.3852923175563814,7.499999999999999,12.575352739371258
2014-06-30,2014-06-30,25000.0,180.05474450597964,138.84666060088045,0.0,30.559999465942383,30.57527946567535,9.1762,89,1.3605999362225532,7.499999999999999,12.478897685919831
2014-07-31,2014-07-31,25000.0,182.61884601953602,136.8971524293039,0.0,30.829999923706055,30.845414923667906,9.2261,87,1.341775549179554,7.499999999999999,12.373168809879562
2014-08-31,2014-08-29,25000.0,187.6120874745474,133.25367430492267,0.0,31.969999313354492,31.98598431301117,9.1658,86,1.3753973254594802,7.499999999999999,12.600316647372617
2014-09-30,2014-09-30,25000.0,189.90828494235743,131.64249262525968,0.0,32.560001373291016,32.57628137397766,9.1465,83,1.3519156770200729,7.499999999999999,12.359117181270742
2014-10-31,2014-10-31,25000.0,194.47808648819787,128.54918747628233,0.0,32.95000076293945,32.96647576332092,9.2664,82,1.3516255062961577,7.499999999999999,12.518443369857142
2014-11-30,2014-11-28,25000.0,200.84363795642423,124.47494107542552,0.0,33.88999938964844,33.90694438934326,9.266,80,1.3562777755737305,7.499999999999999,12.560989373777401
2014-12-31,2014-12-31,25000.0,206.31981088254815,121.17110757837874,0.0,34.31999969482422,34.33715969467163,9.393,77,1.3219806482448575,7.499999999999999,12.411158649636088
2015-01-31,2015-01-30,25000.0,213.39442124218033,117.15395301561149,0.0,36.06999969482422,36.08803469467163,9.3612,74,1.3352572837028502,7.499999999999999,12.493363802295493
2015-02-28,2015-02-27,25000.0,229.16737052928627,109.09057403006308,0.0,38.439998626708984,38.459218626022334,9.3693,69,1.3268430425977706,7.499999999999999,12.425377830093305
2015-03-31,2015-03-31,25000.0,232.86900143245825,107.35649591064633,0.0,39.52000045776367,39.53976045799255,9.2901,68,1.3443518555717466,7.499999999999999,12.482921712588384
2015-04-30,2015-04-30,25000.0,232.0752728829865,107.72366952081587,0.0,38.84000015258789,38.859420152664185,9.3261,69,1.3406499952669144,7.499999999999999,12.496787527095735
2015-05-31,2015-05-29,25000.0,236.89422412961576,105.53233238106027,0.0,39.58000183105469,39.599791831970215,9.3272,68,1.3463929222869875,7.499999999999999,12.55180016467303
2015-06-30,2015-06-30,25000.0,223.97440418837445,111.61989732975766,0.0,38.13999938964844,38.15906938934326,9.215,71,1.3546469633216858,7.499999999999999,12.476833350332159
2015-07-31,2015-07-31,25000.0,235.86357140245514,105.99347687033188,0.0,39.279998779296875,39.29963877868652,9.4622,67,1.3165378990859986,7.499999999999999,12.451119349055672
2015-08-31,2015-08-31,25000.0,219.4926133102527,113.89904937102605,0.0,36.08000183105469,36.098041831970214,9.5032,73,1.317578526866913,7.499999999999999,12.51495477913141
2015-09-30,2015-09-30,25000.0,209.06889262407478,119.57780847365139,0.0,34.779998779296875,34.797388778686525,9.4083,76,1.3223007735900878,7.499999999999999,12.434385175580811
2015-10-31,2015-10-30,25000.0,226.3349326317257,110.45577326182354,0.0,38.16999816894531,38.18908316802978,9.3866,70,1.3366179108810425,7.499999999999999,12.54002766843983
2015-11-30,2015-11-30,25000.0,231.74530249632892,107.87705179221929,0.0,39.65999984741211,39.67982984733581,9.207,68,1.3491142148094175,7.499999999999999,12.415087032230918
2015-12-31,2015-12-31,25000.0,221.66220797542437,112.78422347381716,0.0,38.029998779296875,38.04901377868652,9.1895,72,1.3697644960327149,7.499999999999999,12.581160256163535
2016-01-31,2016-01-29,25000.0,211.39794197004585,118.26037551274926,0.0,35.45000076293945,35.46772576332092,9.3483,75,1.3300397161245345,7.499999999999999,12.427396579955614
2016-02-29,2016-02-29,25000.0,208.52789682137558,119.88803599460331,0.0,35.59000015258789,35.60779515266418,9.3219,75,1.3352923182249068,7.499999999999999,12.441240840837954
2016-03-31,2016-03-31,25000.0,211.16908464590793,118.38854177883303,0.0,35.9900016784668,36.007996679306025,9.2253,75,1.3502998754739761,7.499999999999999,12.450696093159912
2016-04-30,2016-04-29,25000.0,211.8791699384699,117.99177808399027,0.0,36.04999923706055,36.06802423667907,9.1689,76,1.3705849209938046,7.499999999999999,12.560475844174563
2016-05-31,2016-05-31,25000.0,221.69230975300428,112.76890943061326,0.0,37.560001373291016,37.57878137397766,9.291,72,1.3528361294631959,7.499999999999999,12.562919019333723
2016-06-30,2016-06-30,25000.0,222.78585070497164,112.21538495775803,0.0,37.13999938964844,37.158569389343256,9.4242,71,1.3191292133216856,7.499999999999999,12.425524769797681
2016-07-31,2016-07-29,25000.0,232.1612566129117,107.68377275663669,0.0,38.56999969482422,38.589284694671626,9.5673,68,1.3120356796188353,7.499999999999999,12.54636577472685
2016-08-31,2016-08-31,25000.0,234.73867973579473,106.50140840929255,0.0,38.66999816894531,38.68933316802978,9.5159,67,1.2960926611289976,7.499999999999999,12.327324491790412
2016-09-30,2016-09-30,25000.0,235.88900019829748,105.98205079077034,0.0,38.709999084472656,38.72935408401489,9.621,67,1.297433361814499,7.499999999999999,12.476368189922956
2016-10-31,2016-10-31,25000.0,243.27045449443798,102.76628147036897,0.0,38.90999984741211,38.92945484733581,9.865,65,1.265207282538414,7.499999999999999,12.475032326076192
2016-11-30,2016-11-30,25000.0,252.03311232391619,99.19331539210482,0.0,41.0,41.0205,9.7538,63,1.29214575,7.499999999999999,12.597032699999023
2016-12-31,2016-12-30,25000.0,253.66287329165888,98.55600733204368,0.0,42.18000030517578,42.201090305328364,9.5525,62,1.3082337994651794,7.499999999999999,12.490658040367979
2017-01-31,2017-01-31,25000.0,250.8756748137376,99.65095268228467,0.0,41.77000045776367,41.79088545799255,9.4505,63,1.3164128919267652,7.499999999999999,12.434542763770827
2017-02-28,2017-02-28,25000.0,265.27596888621423,94.24148031563062,0.0,43.86000061035156,43.88193061065674,9.5675,60,1.3164579183197023,7.499999999999999,12.588916675186093
2017-03-31,2017-03-31,25000.0,265.4878020369098,94.16628488462284,0.0,44.06999969482422,44.092034694671625,9.5322,59,1.3007150234928129,7.499999999999999,12.39247950718134
2017-04-30,2017-04-28,25000.0,266.93747758424763,93.65488962526739,0.0,43.79999923706055,43.82189923667907,9.6318,59,1.2927460274820326,7.499999999999999,12.445248563217444
2017-05-31,2017-05-31,25000.0,268.01086566519047,93.27980019747022,0.0,43.310001373291016,43.33165637397766,9.7558,59,1.2782838630323408,7.499999999999999,12.464449486226195
2017-06-30,2017-06-30,25000.0,260.6481282756992,95.9147497639284,0.0,42.900001525878906,42.921451526641846,9.6398,61,1.3091042715625762,7.499999999999999,12.61319675862974
2017-07-31,2017-07-31,25000.0,256.2617973318538,97.55648426841208,0.0,42.54999923706055,42.57127423667907,9.5423,61,1.2984238642187118,7.499999999999999,12.383758160451869
2017-08-31,2017-08-31,25000.0,251.5747523410928,99.37404197899887,0.0,42.20000076293945,42.22110076332092,9.4818,63,1.329964674044609,7.499999999999999,12.604156967870065
2017-09-30,2017-09-29,25000.0,263.9401678499867,94.71843639278514,0.0,43.40999984741211,43.431704847335816,9.649,59,1.2812352929964066,7.499999999999999,12.35646111156664
2017-10-31,2017-10-31,25000.0,275.6867043801844,90.68264665213552,0.0,44.88999938964844,44.91244438934326,9.7415,57,1.2800046650962829,7.499999999999999,12.462933978043798
2017-11-30,2017-11-30,25000.0,281.0667304550905,88.94684888361256,0.0,44.79999923706055,44.822399236679075,9.9208,56,1.2550271786270142,7.499999999999999,12.444651308067836
2017-12-31,2017-12-29,25000.0,278.65992558139493,89.71508891291097,0.0,45.43000030517578,45.45271530532837,9.8438,56,1.2726760285491945,7.499999999999999,12.521707436114063
2018-01-31,2018-01-31,25000.0,280.94388151966115,88.98574286356344,0.0,45.86899948120117,45.89193398094177,9.7645,56,1.2849741514663697,7.499999999999999,12.5408596721571
2018-02-28,2018-02-28,25000.0,284.22044881105114,87.95989206469771,0.0,45.053001403808594,45.075527904510494,10.0923,55,1.25,7.499999999999999,12.503931166858434
2018-03-31,2018-03-30,25000.0,276.65006545439707,90.36686819118427,0.0,43.40299987792969,43.42470137786865,10.2843,56,1.25,7.499999999999999,12.4983452060477
2018-04-30,2018-04-30,25000.0,295.9515430590353,84.47328823358455,0.0,45.097999572753906,45.12054857254028,10.4993,53,1.25,7.499999999999999,12.547681813224644
2018-05-31,2018-05-31,25000.0,301.41105625379817,82.94320822441618,0.0,46.74100112915039,46.764371629714965,10.2683,52,1.25,7.499999999999999,12.478716169255495
2018-06-30,2018-06-29,25000.0,306.3393710352731,81.60883766103119,0.0,46.8390007019043,46.862420202255244,10.453,51,1.25,7.499999999999999,12.485005895590884
2018-07-31,2018-07-31,25000.0,309.00654255197304,80.90443585282713,0.0,47.99700164794922,48.02100014877319,10.257,50,1.25,7.499999999999999,12.307631147573716
2018-08-31,2018-08-31,25000.0,326.38586990272574,76.59645317197973,0.0,48.90399932861328,48.92845132827758,10.6205,48,1.25,7.499999999999999,12.465238196865853
2018-09-30,2018-09-28,25000.0,318.05718512597053,78.60221736571818,0.0,49.2599983215332,49.28462832069397,10.309,49,1.25,7.499999999999999,12.441622406068342
2018-10-31,2018-10-31,25000.0,303.77052769999375,82.2989649104149,0.0,46.84099960327149,46.86442010307312,10.4015,52,1.25,7.499999999999999,12.667633091706556
2018-11-30,2018-11-30,25000.0,306.5156914573408,81.56189290387232,0.0,47.0369987487793,47.06051724815369,10.3195,51,1.25,7.499999999999999,12.377656868994892
2018-12-31,2018-12-31,25000.0,277.3018400989113,90.15446847046778,0.0,43.0989990234375,43.120548522949214,10.2548,57,1.25,7.499999999999999,12.596191032785327
2019-01-31,2019-01-31,25000.0,302.3849587741014,82.67606993863875,0.0,46.49700164794922,46.520250148773194,10.373,51,1.25,7.499999999999999,12.29899165140167
2019-02-28,2019-02-28,25000.0,316.82973363079327,78.90673553111937,0.0,48.34600067138672,48.37017367172241,10.4844,50,1.25,7.499999999999999,12.671970235977234
2019-03-31,2019-03-29,25000.0,323.34414510052795,77.31700226774628,0.0,49.555999755859375,49.5807777557373,10.398,48,1.25,7.499999999999999,12.36679885107263
2019-04-30,2019-04-30,25000.0,343.7912134860051,72.71855422511456,0.0,51.36199951171875,51.387680511474606,10.635,46,1.25,7.499999999999999,12.563401890562435
2019-05-31,2019-05-31,25000.0,323.8492617890007,77.19640879184213,0.0,48.90399932861328,48.92845132827758,10.639,48,1.25,7.499999999999999,12.486951572567753
2019-06-30,2019-06-28,25000.0,337.4732328405786,74.07994936241339,0.0,50.810001373291016,50.835406373977655,10.5633,46,1.25,7.499999999999999,12.344589612646145
2019-07-31,2019-07-31,25000.0,349.4534084814581,71.540295195966,0.0,52.64400100708008,52.67032300758361,10.6645,45,1.25,7.499999999999999,12.631993846647042
2019-08-31,2019-08-30,25000.0,351.13479323570425,71.19772942357892,0.0,51.7760009765625,51.80188897705078,10.8395,44,1.25,7.499999999999999,12.346971176879178
2019-09-30,2019-09-30,25000.0,358.09879531090513,69.81313628350729,0.0,53.448001861572266,53.47472586250305,10.6958,44,1.25,7.499999999999999,12.57672104284114
2019-10-31,2019-10-31,25000.0,360.1092824151385,69.42337012901457,0.0,53.400001525878906,53.42670152664184,10.7498,43,1.25,7.499999999999999,12.341845732660756
2019-11-30,2019-11-29,25000.0,367.6486507298728,67.99970556227763,0.0,55.75,55.777874999999995,10.4995,43,1.25,7.499999999999999,12.584963187497536
2019-12-31,2019-12-31,25000.0,368.86139880792393,67.77613510330524,0.0,56.608001708984375,56.636305709838865,10.4468,42,1.25,7.499999999999999,12.418821917320878
2020-01-31,2020-01-31,25000.0,380.0365743044174,65.78314217719073,0.0,56.75199890136719,56.78037490081787,10.6768,41,1.25,7.499999999999999,12.421559708336233
2020-02-29,2020-02-28,25000.0,350.69830724974975,71.2863435129051,0.0,51.71200180053711,51.73785780143737,10.6738,46,1.25,7.499999999999999,12.695161990824053
2020-03-31,2020-03-31,25000.0,316.62562625781055,78.95760142814181,0.0,46.10900115966797,46.1320556602478,11.0613,49,1.25,7.499999999999999,12.495624615921056
2020-04-30,2020-04-30,25000.0,339.267472277593,73.68817243860231,0.0,50.555999755859375,50.581277755737304,10.6639,46,1.25,7.499999999999999,12.399854893319311
2020-05-31,2020-05-29,25000.0,345.3174028968298,72.39716211890203,0.0,51.81600189208984,51.841909893035876,10.487,46,1.25,7.499999999999999,12.498071472371137
2020-06-30,2020-06-30,25000.0,348.27955951568913,71.7814161553567,0.0,52.698001861572266,52.72435086250305,10.4948,45,1.25,7.499999999999999,12.44373727357851
2020-07-31,2020-07-31,25000.0,342.91313222231025,72.90476115039107,0.0,52.53200149536133,52.558267496109,10.2835,46,1.25,7.499999999999999,12.424895259681108
2020-08-31,2020-08-31,25000.0,359.28373771041606,69.58288777364615,0.0,55.66400146484375,55.69183346557617,10.2888,44,1.25,7.499999999999999,12.599747121970392
2020-09-30,2020-09-30,25000.0,361.64387873907293,69.12877963582945,0.0,54.96799850463867,54.99548250389099,10.5713,43,1.25,7.499999999999999,12.493288855729428
2020-10-31,2020-10-30,25000.0,351.48892017036235,71.12599733693685,0.0,53.459999084472656,53.48672908401489,10.365,45,1.25,7.499999999999999,12.467540036486227
2020-11-30,2020-11-30,25000.0,378.3941341011268,66.06867746347962,0.0,58.5880012512207,58.61729525184631,10.1778,42,1.25,7.499999999999999,12.5222361418257
2020-12-31,2020-12-31,25000.0,379.3061619183786,65.90981774079286,0.0,59.71200180053711,59.74185780143738,10.0343,41,1.25,7.499999999999999,12.282946863175548
2021-01-31,2021-01-29,25000.0,382.8972529467273,65.2916671707704,0.0,59.96599960327149,59.995982603073124,10.111,42,1.2599156346645357,7.499999999999999,12.732640661760694
2021-02-28,2021-02-26,25000.0,393.9316379732339,63.46278793098271,0.0,61.88800048828125,61.91894448852539,10.1388,39,1.25,7.499999999999999,12.235666157336404
2021-03-31,2021-03-31,25000.0,423.63774292372574,59.01268340130201,0.0,65.69400024414062,65.72684724426269,10.2383,37,1.25,7.499999999999999,12.443005329938748
2021-04-30,2021-04-30,25000.0,430.2920796652366,58.10007011853385,0.0,66.97000122070312,67.00348622131347,10.164,37,1.25,7.499999999999999,12.592637209529672
2021-05-31,2021-05-31,25000.0,426.1538436440504,58.66426027329585,0.0,66.7699966430664,66.80338164138793,10.121,37,1.25,7.499999999999999,12.501914016449001
2021-06-30,2021-06-30,25000.0,446.45773529626325,55.99634192340814,0.0,69.93399810791016,69.9689651069641,10.111,35,1.25,7.499999999999999,12.374296460206962
2021-07-31,2021-07-30,25000.0,457.8854121258177,54.598813017284996,0.0,71.21600341796875,71.25161141967773,10.1868,35,1.25,7.499999999999999,12.695605713316128
2021-08-31,2021-08-31,25000.0,469.4788211476608,53.25053841382332,0.0,73.43399810791016,73.47071510696411,10.1625,33,1.25,7.499999999999999,12.313504595230599
2021-09-30,2021-09-30,25000.0,455.4974262351206,54.88505216513648,0.0,72.01399993896484,72.05000693893432,10.1683,34,1.25,7.499999999999999,12.448419244846134
2021-10-31,2021-10-29,25000.0,475.8716570517052,52.53517335932377,0.0,75.70800018310547,75.74585418319701,9.9368,33,1.25,7.499999999999999,12.412871727617993
2021-11-30,2021-11-30,25000.0,492.50681830244656,50.76071857475807,0.0,76.19599914550781,76.23409714508057,10.286,32,1.25,7.499999999999999,12.540032755371692
2021-12-31,2021-12-31,25000.0,509.7071250427879,49.04777424467306,0.0,79.24600219726562,79.28562519836426,10.2503,31,1.25,7.499999999999999,12.590577093000828
2022-01-31,2022-01-31,25000.0,497.52728418634166,50.24850052371522,0.0,74.93399810791016,74.9714651069641,10.489,32,1.25,7.499999999999999,12.57572329845932
2022-02-28,2022-02-28,25000.0,485.55547966933085,51.48742223447937,0.0,73.6520004272461,73.68882642745972,10.6055,32,1.25,7.499999999999999,12.49786064849834
2022-03-31,2022-03-31,25000.0,495.63115462362265,50.44073554856484,0.0,77.0979995727539,77.13654857254028,10.337,31,1.25,7.499999999999999,12.352911334543386
2022-04-30,2022-04-29,25000.0,479.6755990026353,52.11855689966554,0.0,75.08999633789062,75.12754133605956,10.2958,32,1.25,7.499999999999999,12.369785348728708
2022-05-31,2022-05-31,25000.0,477.2469020875592,52.38378686303828,0.0,72.49199676513672,72.52824276351929,10.5053,33,1.25,7.499999999999999,12.565577864677167
2022-06-30,2022-06-30,25000.0,456.06487680050253,54.816762420702275,0.0,67.88600158691406,67.91994458770752,10.73,35,1.25,7.499999999999999,12.74729394798266
2022-07-31,2022-07-29,25000.0,489.8455080082614,51.03649944990078,0.0,74.85199737548828,74.88942337417602,10.3875,32,1.25,7.499999999999999,12.440401963803998
2022-08-31,2022-08-31,25000.0,491.78332999243366,50.8353953363662,0.0,73.4280014038086,73.4647154045105,10.6788,31,1.25,7.499999999999999,12.15390559156093
2022-09-30,2022-09-30,25000.0,469.57056436297927,53.24013449163933,0.0,69.26000213623047,69.29463213729858,10.8993,34,1.25,7.499999999999999,12.83305420181581
2022-10-31,2022-10-31,25000.0,492.90943185172966,50.71925669200861,0.0,72.4020004272461,72.43820142745972,10.901,31,1.25,7.499999999999999,12.233440203189849
2022-11-30,2022-11-30,25000.0,509.1994179380505,49.096678274368166,0.0,72.62000274658203,72.65631274795531,10.9345,32,1.25,7.499999999999999,12.70501472051632
2022-12-31,2022-12-30,25000.0,477.86043214365884,52.31653076579537,0.0,68.47799682617188,68.51223582458496,11.1218,32,1.25,7.499999999999999,12.185577361621661
2023-01-31,2023-01-31,25000.0,510.4872650535831,48.972818151253755,0.0,71.81800079345703,71.85390979385376,11.348,31,1.25,7.499999999999999,12.632355431564212
2023-02-28,2023-02-28,25000.0,500.93788668216166,49.90638692868955,0.0,72.24400329589844,72.28012529754638,11.078,31,1.25,7.499999999999999,12.404945561932028
2023-03-31,2023-03-31,25000.0,512.7706285346235,48.75474258625939,0.0,72.37799835205078,72.4141873512268,11.2805,31,1.25,7.499999999999999,12.65513016135768
2023-04-30,2023-04-28,25000.0,517.8625127737681,48.27536147788598,0.0,72.56600189208984,72.60228489303589,11.3515,30,1.25,7.499999999999999,12.355994557170016
2023-05-31,2023-05-31,25000.0,538.2803516389688,46.44419942856804,0.0,74.33599853515625,74.37316653442383,11.6278,29,1.25,7.499999999999999,12.533279794623724
2023-06-30,2023-06-30,25000.0,571.8341241115431,43.71897189389042,0.0,77.2020034790039,77.2406044807434,11.8055,27,1.25,7.499999999999999,12.304011402961029
2023-07-31,2023-07-31,25000.0,573.7896632555788,43.569972763459205,0.0,79.01200103759766,79.05150703811645,11.5895,28,1.25,7.499999999999999,12.819934204353258
2023-08-31,2023-08-31,25000.0,580.7320031342831,43.04911708855699,0.0,78.5479965209961,78.58727051925659,11.843,26,1.25,7.499999999999999,12.093170996376003
2023-09-30,2023-09-29,25000.0,556.8969481154751,44.891608913640766,0.0,77.27999877929688,77.31863877868652,11.5325,28,1.25,7.499999999999999,12.477242202910166
2023-10-31,2023-10-31,25000.0,550.9657861782541,45.374868326055626,0.0,74.61399841308594,74.65130541229247,11.8275,29,1.25,7.499999999999999,12.79620746034361
2023-11-30,2023-11-30,25000.0,569.3560666587372,43.90925374118231,0.0,78.9739990234375,79.01348602294921,11.4308,27,1.25,7.499999999999999,12.186935838497993
2023-12-31,2023-12-29,25000.0,569.9546730739736,43.86313715995322,0.0,82.26000213623047,82.30113213729858,11.096,28,1.25,7.499999999999999,12.77859777184949
2024-01-31,2024-01-31,25000.0,597.1839254004052,41.8631495870184,0.0,85.04399871826172,85.08652071762084,11.2682,26,1.25,7.499999999999999,12.457806222640553
2024-02-29,2024-02-29,25000.0,620.975654714584,40.25922725020617,0.0,88.197998046875,88.24209704589843,11.215,25,1.25,7.499999999999999,12.364256851194982
2024-03-31,2024-03-29,25000.0,657.8153399905975,38.00458651565854,0.0,91.4520034790039,91.4977294807434,11.525,24,1.25,7.499999999999999,12.647812081144542
2024-04-30,2024-04-30,25000.0,657.1356280191283,38.043896775708355,0.0,89.57599639892578,89.62078439712523,11.753,23,1.25,7.499999999999999,12.107046885277997
2024-05-31,2024-05-31,25000.0,656.6817021653343,38.07019430808762,0.0,90.72599792480467,90.77136092376708,11.421,25,1.25,7.499999999999999,12.95227027874022
2024-06-30,2024-06-28,25000.0,674.7757102628001,37.04934783479896,0.0,95.18599700927734,95.23359000778197,11.3595,23,1.25,7.499999999999999,12.434551329805982
2024-07-31,2024-07-31,25000.0,694.7024334916438,35.98663081450212,0.0,95.3740005493164,95.42168754959106,11.6125,22,1.25,7.499999999999999,12.182836395166069
2024-08-31,2024-08-30,25000.0,682.9871223978305,36.60391123075649,0.0,95.13200378417967,95.17956978607175,11.3355,23,1.25,7.499999999999999,12.401241532296256
2024-09-30,2024-09-30,25000.0,684.2438865825153,36.536680108116926,0.0,96.39600372314452,96.44420172500608,11.3,23,1.25,7.499999999999999,12.526660683820594
2024-10-31,2024-10-31,25000.0,711.9661467061021,35.114029108914835,0.0,97.5719985961914,97.6207845954895,11.6308,22,1.25,7.499999999999999,12.483244413996989
2024-11-30,2024-11-29,25000.0,755.6570384017808,33.083791627052335,0.0,104.80500030517578,104.85740280532836,11.518,21,1.25,7.499999999999999,12.675011931906088
2024-12-31,2024-12-31,25000.0,744.6488522124629,33.57287119388054,0.0,103.58999633789062,103.64179133605957,11.459,21,1.25,7.499999999999999,12.46389656437653
2025-01-31,2025-01-31,25000.0,772.1248667131282,32.37818269786199,0.0,108.18000030517578,108.23409030532837,11.474,20,1.25,7.499999999999999,12.412573235015008
2025-02-28,2025-02-28,25000.0,743.7571169185893,33.613123735307354,0.0,105.5250015258789,105.57776402664184,11.188,21,1.25,7.499999999999999,12.396444029250805
2025-03-31,2025-03-31,25000.0,662.2412225942346,37.75059471844126,0.0,97.1780014038086,97.22659040451049,10.849,24,1.25,7.499999999999999,12.651409646756665
2025-04-30,2025-04-30,25000.0,642.7589735251928,38.89482843450357,0.0,93.36000061035156,93.40668061065674,10.9715,24,1.25,7.499999999999999,12.291590960356949
2025-05-31,2025-05-30,25000.0,680.4620791732809,36.73974019297805,0.0,99.30799865722656,99.35765265655517,10.8735,23,1.25,7.499999999999999,12.417993519092247
2025-06-30,2025-06-30,25000.0,702.4351279420339,35.59047519910343,0.0,100.15499877929688,100.20507627868652,11.1465,23,1.25,7.499999999999999,12.838343479773396
2025-07-31,2025-07-31,25000.0,727.8809101855785,34.34627787343133,0.0,104.98999786376952,105.0424928627014,11.1575,21,1.25,7.499999999999999,12.29997196223078
2025-08-31,2025-08-29,25000.0,723.5879335831951,34.5500509885515,0.0,104.58499908447266,104.63729158401489,11.055,22,1.25,7.499999999999999,12.718058813666467
2025-09-30,2025-09-30,25000.0,742.1635906834947,33.68529568659691,0.0,107.19499969482422,107.24859719467163,11.0565,21,1.25,7.499999999999999,12.44461589832139
2025-10-31,2025-10-31,25000.0,763.4141862707645,32.747623046047394,0.0,111.83499908447266,111.89091658401489,10.925,20,1.25,7.499999999999999,12.217973649977793
2025-11-30,2025-11-28,25000.0,761.0149027365804,32.85086784779241,0.0,111.46499633789062,111.52072883605956,10.9695,20,1.25,7.499999999999999,12.227152773282917
2025-12-31,2025-12-31,25000.0,749.1754347786035,33.37002101168467,0.0,111.7750015258789,111.83088902664184,10.8215,21,1.25,7.499999999999999,12.700518379628205
2026-01-31,2026-01-30,25000.0,736.1101120686218,33.96231024424434,0.0,112.27999877929688,112.33613877868652,10.5205,21,1.25,7.499999999999999,12.403038135153519
2026-02-28,2026-02-27,25000.0,757.5815859004059,32.99974612013151,0.0,113.53500366210938,113.59177116394042,10.6643,21,1.25,7.499999999999999,12.713099065313465
2026-03-31,2026-03-31,25000.0,744.1147068676922,33.59697069452646,0.0,108.05500030517578,108.10902780532837,10.943,21,1.25,7.499999999999999,12.415681617564632
2026-04-30,2026-04-30,25000.0,795.5328770928218,31.425476834294344,0.0,117.03500366210938,117.09352116394042,10.8555,20,1.25,7.499999999999999,12.704734822538827
2026-05-31,2026-05-29,25000.0,829.600043270989,30.135003249793403,0.0,123.41999816894533,123.4817081680298,10.772,18,1.25,7.499999999999999,11.965321982482536
2026-06-30,2026-06-30,25000.0,866.1738791198445,28.862565129998547,0.0,125.03500366210938,125.09752116394043,11.0935,18,1.25,7.499999999999999,12.48368231813013
2026-07-31,2026-07-31,25000.0,853.4148845138914,29.29407542995937,0.0,124.29000091552734,124.3521459159851,10.9855,19,1.25,7.499999999999999,12.971184148045948
2026-08-31,2026-08-31,25000.0,881.7441007450146,28.352897375640705,0.0,126.76499938964844,126.82838188934325,11.11,17,1.25,7.499999999999999,11.971052717358894
