Months,Valuation date,Contributions (SEK),DNB value (SEK),DNB profit (SEK),EUNL value (SEK),EUNL profit (SEK),Absolute difference (SEK),Difference vs DNB (%)
6,2020-06-30,150000.0,151116.3547163869,1116.354716386908,150869.5039917902,869.5039917902031,246.85072459670482,0.16335142881125664
12,2020-12-31,300000.0,321884.80715785327,21884.80715785327,320032.74688943976,20032.74688943976,1852.0602684135083,0.5753798337879465
18,2021-06-30,450000.0,539831.0533410979,89831.0533410979,538175.6437353076,88175.64373530762,1655.4096057902789,0.3066532752320736
24,2021-12-31,600000.0,776906.1201034057,176906.12010340567,778862.269246328,178862.26924632804,1956.149142922368,0.25178706825761726
30,2022-06-30,750000.0,837205.7756380512,87205.77563805121,840096.9112954831,90096.91129548312,2891.135657431907,0.3453315471012506
36,2022-12-30,900000.0,1024036.2212753902,124036.22127539024,1025262.3444573665,125262.3444573665,1226.1231819762615,0.11973435670558422
42,2023-06-30,1050000.0,1389004.1749996573,339004.1749996573,1390009.3411105787,340009.34111057874,1005.1661109214183,0.07236595317805047
48,2023-12-29,1200000.0,1535281.9656185186,335281.96561851865,1543023.9472335672,343023.94723356725,7741.9816150486,0.5042709931090469
54,2024-06-28,1350000.0,1975056.1823704955,625056.1823704955,1985546.876132565,635546.8761325651,10490.693762069568,0.5311592579345495
60,2024-12-31,1500000.0,2336618.482612653,836618.4826126532,2336774.5707801916,836774.5707801916,156.08816753840074,0.006680087857726488
66,2025-06-30,1650000.0,2355157.2296107374,705157.2296107374,2348192.9795718114,698192.9795718114,6964.250038926024,0.29570212771217325
72,2025-12-31,1800000.0,2662866.7195231305,862866.7195231305,2695936.599091045,895936.5990910451,33069.87956791464,1.2418901526486026
78,2026-06-30,1950000.0,3244149.290504594,1294149.2905045939,3256958.515083899,1306958.5150838988,12809.224579304922,0.3948407866677609
80,2026-09-21,2000000.0,3447449.005507093,1447449.005507093,3414900.149758864,1414900.1497588642,32548.85574822873,0.9441432112914183
