contribution_date,price_observation_date,contribution_sek,sek_per_eur,avanza_world_purchase_sek,avanza_em_purchase_sek,avanza_fund_order_fees_sek,ibkr_fx_fee_sek,world_etf_units_bought,em_etf_units_bought,ibkr_commission_eur,world_spread_cost_sek,em_spread_cost_sek
2018-04-30,2018-04-30,25000.0,10.4993,22500.0,2500.0,0.0,7.499999999999999,47,9,2.5,11.12718953248223,1.1899118920174572
2018-05-31,2018-05-31,25000.0,10.2683,22500.0,2500.0,0.0,7.499999999999999,47,10,2.5,11.27883961451939,1.2923682834375947
2018-06-30,2018-06-29,25000.0,10.453,22500.0,2500.0,0.0,7.499999999999999,46,9,2.5,11.260985709748642,1.1302410722580116
2018-07-31,2018-07-31,25000.0,10.257,22500.0,2500.0,0.0,7.499999999999999,45,10,2.5,11.076868032816344,1.2633547299095995
2018-08-31,2018-08-31,25000.0,10.6205,22500.0,2500.0,0.0,7.499999999999999,44,10,2.5,11.426468347127033,1.2712738783596136
2018-09-30,2018-09-28,25000.0,10.309,22500.0,2500.0,0.0,7.499999999999999,44,10,2.5,11.172069099326674,1.233214085674271
2018-10-31,2018-10-31,25000.0,10.4015,22500.0,2500.0,0.0,7.499999999999999,46,11,2.5,11.205983119586568,1.2767164829516573
2018-11-30,2018-11-30,25000.0,10.3195,22500.0,2500.0,0.0,7.499999999999999,46,10,2.5,11.164161097524804,1.2033052534101487
2018-12-31,2018-12-31,25000.0,10.2548,22500.0,2500.0,0.0,7.499999999999999,51,11,2.5,11.270276187228978,1.2656474461214016
2019-01-31,2019-01-31,25000.0,10.373,22500.0,2500.0,0.0,7.499999999999999,47,10,2.5,11.334364855213304,1.272248485612884
2019-02-28,2019-02-28,25000.0,10.4844,22500.0,2500.0,0.0,7.499999999999999,44,9,2.5,11.151333807659965,1.156376908798484
2019-03-31,2019-03-29,25000.0,10.398,22500.0,2500.0,0.0,7.499999999999999,44,10,2.5,11.336232280149911,1.306144727954764
2019-04-30,2019-04-30,25000.0,10.635,22500.0,2500.0,0.0,7.499999999999999,41,9,2.5,11.19781472854478,1.2252476806782397
2019-05-31,2019-05-31,25000.0,10.639,22500.0,2500.0,0.0,7.499999999999999,43,10,2.5,11.186227450425278,1.2730095320127066
2019-06-30,2019-06-28,25000.0,10.5633,22500.0,2500.0,0.0,7.499999999999999,42,9,2.5,11.271147037633435,1.181383657513524
2019-07-31,2019-07-31,25000.0,10.6645,22500.0,2500.0,0.0,7.499999999999999,40,10,2.5,11.22843897479737,1.332689244127016
2019-08-31,2019-08-30,25000.0,10.8395,22500.0,2500.0,0.0,7.499999999999999,40,9,2.5,11.224519251708342,1.1703733081940577
2019-09-30,2019-09-30,25000.0,10.6958,22500.0,2500.0,0.0,7.499999999999999,39,9,2.5,11.147548197063736,1.1928812014949717
2019-10-31,2019-10-31,25000.0,10.7498,22500.0,2500.0,0.0,7.499999999999999,39,10,2.5,11.193767059855105,1.3499598421723356
2019-11-30,2019-11-29,25000.0,10.4995,22500.0,2500.0,0.0,7.499999999999999,39,9,2.5,11.414268937497765,1.2063768454483006
2019-12-31,2019-12-31,25000.0,10.4468,22500.0,2500.0,0.0,7.499999999999999,38,9,2.5,11.236076972814129,1.2765258008376086
2020-01-31,2020-01-31,25000.0,10.6768,22500.0,2500.0,0.0,7.499999999999999,37,9,2.5,11.209700224596112,1.2321294339932245
2020-02-29,2020-02-28,25000.0,10.6738,22500.0,2500.0,0.0,7.499999999999999,40,9,2.5,11.039271296368742,1.1720312273920952
2020-03-31,2020-03-31,25000.0,11.0613,22500.0,2500.0,0.0,7.499999999999999,45,11,2.5,11.475573626866275,1.2713748043299957
2020-04-30,2020-04-30,25000.0,10.6639,22500.0,2500.0,0.0,7.499999999999999,41,10,2.5,11.052044578828083,1.2075800742387013
2020-05-31,2020-05-29,25000.0,10.487,22500.0,2500.0,0.0,7.499999999999999,42,11,2.5,11.411282648686692,1.295055309453912
2020-06-30,2020-06-30,25000.0,10.4948,22500.0,2500.0,0.0,7.499999999999999,40,10,2.5,11.061099798736453,1.261212581992927
2020-07-31,2020-07-31,25000.0,10.2835,22500.0,2500.0,0.0,7.499999999999999,42,10,2.5,11.34446958492623,1.2740741979788301
2020-08-31,2020-08-31,25000.0,10.2888,22500.0,2500.0,0.0,7.499999999999999,39,9,2.5,11.167957676291937,1.1670740511108504
2020-09-30,2020-09-30,25000.0,10.5713,22500.0,2500.0,0.0,7.499999999999999,39,9,2.5,11.331122450545294,1.212723680501631
2020-10-31,2020-10-30,25000.0,10.365,22500.0,2500.0,0.0,7.499999999999999,40,10,2.5,11.08225781020998,1.3433558004854402
2020-11-30,2020-11-30,25000.0,10.1778,22500.0,2500.0,0.0,7.499999999999999,38,8,2.5,11.329642223556586,1.1353131989912597
2020-12-31,2020-12-31,25000.0,10.0343,22500.0,2500.0,0.0,7.499999999999999,37,9,2.5,11.084610583841348,1.3128175450286697
2021-01-31,2021-01-29,25000.0,10.111,22500.0,2500.0,0.0,7.499999999999999,37,8,2.5,11.216850106789183,1.227313651153546
2021-02-28,2021-02-26,25000.0,10.1388,22500.0,2500.0,0.0,7.499999999999999,36,8,2.5,11.294461068310525,1.2505601651456089
2021-03-31,2021-03-31,25000.0,10.2383,22500.0,2500.0,0.0,7.499999999999999,34,8,2.5,11.43411300588966,1.2868314866439332
2021-04-30,2021-04-30,25000.0,10.164,22500.0,2500.0,0.0,7.499999999999999,33,7,2.5,11.231271024715653,1.1101933985135715
2021-05-31,2021-05-31,25000.0,10.121,22500.0,2500.0,0.0,7.499999999999999,33,8,2.5,11.15035574440046,1.2725335948559977
2021-06-30,2021-06-30,25000.0,10.111,22500.0,2500.0,0.0,7.499999999999999,32,8,2.5,11.313642477903509,1.3167756976928113
2021-07-31,2021-07-30,25000.0,10.1868,22500.0,2500.0,0.0,7.499999999999999,31,8,2.5,11.24467934608,1.255380485421526
2021-08-31,2021-08-31,25000.0,10.1625,22500.0,2500.0,0.0,7.499999999999999,30,7,2.5,11.194095086573272,1.1161829622030277
2021-09-30,2021-09-30,25000.0,10.1683,22500.0,2500.0,0.0,7.499999999999999,30,8,2.5,10.983899333687765,1.26237413508679
2021-10-31,2021-10-29,25000.0,9.9368,22500.0,2500.0,0.0,7.499999999999999,30,8,2.5,11.284428843289085,1.2422987026427725
2021-11-30,2021-11-30,25000.0,10.286,22500.0,2500.0,0.0,7.499999999999999,29,8,2.5,11.364404684555597,1.2676878179015738
2021-12-31,2021-12-31,25000.0,10.2503,22500.0,2500.0,0.0,7.499999999999999,27,8,2.5,10.96598650035556,1.2762033286772143
2022-01-31,2022-01-31,25000.0,10.489,22500.0,2500.0,0.0,7.499999999999999,29,8,2.5,11.39674923922876,1.3141877860792615
2022-02-28,2022-02-28,25000.0,10.6055,22500.0,2500.0,0.0,7.499999999999999,29,7,2.5,11.326186212701622,1.1202960751875732
2022-03-31,2022-03-31,25000.0,10.337,22500.0,2500.0,0.0,7.499999999999999,28,8,2.5,11.15746830216822,1.2371734884412393
2022-04-30,2022-04-29,25000.0,10.2958,22500.0,2500.0,0.0,7.499999999999999,29,8,2.5,11.210117972285392,1.227835890865904
2022-05-31,2022-05-31,25000.0,10.5053,22500.0,2500.0,0.0,7.499999999999999,30,9,2.5,11.423252604251969,1.3810109490321723
2022-06-30,2022-06-30,25000.0,10.73,22500.0,2500.0,0.0,7.499999999999999,31,8,2.5,11.2904603539275,1.1967813134000758
2022-07-31,2022-07-29,25000.0,10.3875,22500.0,2500.0,0.0,7.499999999999999,28,8,2.5,10.885351718328497,1.1884130702017675
2022-08-31,2022-08-31,25000.0,10.6788,22500.0,2500.0,0.0,7.499999999999999,29,8,2.5,11.3697826501699,1.243140492974725
2022-09-30,2022-09-30,25000.0,10.8993,22500.0,2500.0,0.0,7.499999999999999,30,9,2.5,11.323283119249243,1.3021448101721724
2022-10-31,2022-10-31,25000.0,10.901,22500.0,2500.0,0.0,7.499999999999999,28,9,2.5,11.049558893203734,1.2565800338257294
2022-11-30,2022-11-30,25000.0,10.9345,22500.0,2500.0,0.0,7.499999999999999,29,8,2.5,11.513919590467914,1.2251013900108363
2022-12-31,2022-12-30,25000.0,11.1218,22500.0,2500.0,0.0,7.499999999999999,29,8,2.5,11.04317948396963,1.1931022276610443
2023-01-31,2023-01-31,25000.0,11.348,22500.0,2500.0,0.0,7.499999999999999,28,8,2.5,11.409869422057998,1.2934450780942657
2023-02-28,2023-02-28,25000.0,11.078,22500.0,2500.0,0.0,7.499999999999999,28,8,2.5,11.204466959164412,1.2087870182492875
2023-03-31,2023-03-31,25000.0,11.2805,22500.0,2500.0,0.0,7.499999999999999,27,8,2.5,11.022210140537334,1.2380123263928582
2023-04-30,2023-04-28,25000.0,11.3515,22500.0,2500.0,0.0,7.499999999999999,28,8,2.5,11.532261586692014,1.2171532249144914
2023-05-31,2023-05-31,25000.0,11.6278,22500.0,2500.0,0.0,7.499999999999999,26,8,2.5,11.236733608972994,1.2579418931990891
2023-06-30,2023-06-30,25000.0,11.8055,22500.0,2500.0,0.0,7.499999999999999,24,8,2.5,10.936899024854249,1.3126771718520958
2023-07-31,2023-07-31,25000.0,11.5895,22500.0,2500.0,0.0,7.499999999999999,25,7,2.5,11.44636982531541,1.1831083053226332
2023-08-31,2023-08-31,25000.0,11.843,22500.0,2500.0,0.0,7.499999999999999,24,8,2.5,11.162927073577848,1.3214893076628536
2023-09-30,2023-09-29,25000.0,11.5325,22500.0,2500.0,0.0,7.499999999999999,25,7,2.5,11.140394824026934,1.1235653628611748
2023-10-31,2023-10-31,25000.0,11.8275,22500.0,2500.0,0.0,7.499999999999999,26,8,2.5,11.472461860997718,1.259392239703987
2023-11-30,2023-11-30,25000.0,11.4308,22500.0,2500.0,0.0,7.499999999999999,24,8,2.5,10.832831856442661,1.2839074525115342
2023-12-31,2023-12-29,25000.0,11.096,22500.0,2500.0,0.0,7.499999999999999,25,8,2.5,11.409462296294189,1.2759956403806272
2024-01-31,2024-01-31,25000.0,11.2682,22500.0,2500.0,0.0,7.499999999999999,23,7,2.5,11.020367043105104,1.1182843204461672
2024-02-29,2024-02-29,25000.0,11.215,22500.0,2500.0,0.0,7.499999999999999,23,8,2.5,11.375116303099384,1.3158783882139073
2024-03-31,2024-03-29,25000.0,11.525,22500.0,2500.0,0.0,7.499999999999999,21,7,2.5,11.066835571001475,1.2181118231532826
2024-04-30,2024-04-30,25000.0,11.753,22500.0,2500.0,0.0,7.499999999999999,22,7,2.5,11.580653542439823,1.2608030593078439
2024-05-31,2024-05-31,25000.0,11.421,22500.0,2500.0,0.0,7.499999999999999,21,7,2.5,10.879907034141786,1.2160338245915117
2024-06-30,2024-06-28,25000.0,11.3595,22500.0,2500.0,0.0,7.499999999999999,21,7,2.5,11.353285996779375,1.2731783924300388
2024-07-31,2024-07-31,25000.0,11.6125,22500.0,2500.0,0.0,7.499999999999999,20,7,2.5,11.075305813787335,1.2999903685571172
2024-08-31,2024-08-30,25000.0,11.3355,22500.0,2500.0,0.0,7.499999999999999,21,7,2.5,11.322872703400929,1.2496198419583695
2024-09-30,2024-09-30,25000.0,11.3,22500.0,2500.0,0.0,7.499999999999999,21,6,2.5,11.437385841749238,1.1209374641415453
2024-10-31,2024-10-31,25000.0,11.6308,22500.0,2500.0,0.0,7.499999999999999,20,7,2.5,11.348404012724535,1.3246318492687015
2024-11-30,2024-11-29,25000.0,11.518,22500.0,2500.0,0.0,7.499999999999999,18,6,2.5,10.86429594163379,1.1333021035993796
2024-12-31,2024-12-31,25000.0,11.459,22500.0,2500.0,0.0,7.499999999999999,19,7,2.5,11.27685879634067,1.3129664709164928
2025-01-31,2025-01-31,25000.0,11.474,22500.0,2500.0,0.0,7.499999999999999,18,6,2.5,11.171315911513508,1.1495571088486618
2025-02-28,2025-02-28,25000.0,11.188,22500.0,2500.0,0.0,7.499999999999999,19,7,2.5,11.2158303121793,1.2987925153197397
2025-03-31,2025-03-31,25000.0,10.849,22500.0,2500.0,0.0,7.499999999999999,22,7,2.5,11.597125509526943,1.2253023717403413
2025-04-30,2025-04-30,25000.0,10.9715,22500.0,2500.0,0.0,7.499999999999999,22,8,2.5,11.267291713660535,1.3595005361249761
2025-05-31,2025-05-30,25000.0,10.8735,22500.0,2500.0,0.0,7.499999999999999,21,7,2.5,11.33816799569292,1.2324839773721434
2025-06-30,2025-06-30,25000.0,11.1465,22500.0,2500.0,0.0,7.499999999999999,20,6,2.5,11.163776938933388,1.1193872114753152
2025-07-31,2025-07-31,25000.0,11.1575,22500.0,2500.0,0.0,7.499999999999999,19,7,2.5,11.128546061065943,1.3592958575631033
2025-08-31,2025-08-29,25000.0,11.055,22500.0,2500.0,0.0,7.499999999999999,19,6,2.5,10.983778066348313,1.1540425343512546
2025-09-30,2025-09-30,25000.0,11.0565,22500.0,2500.0,0.0,7.499999999999999,19,6,2.5,11.259414384195543,1.2215663166446762
2025-10-31,2025-10-31,25000.0,10.925,22500.0,2500.0,0.0,7.499999999999999,19,6,2.5,11.607074967478905,1.2729810050011203
2025-11-30,2025-11-28,25000.0,10.9695,22500.0,2500.0,0.0,7.499999999999999,18,6,2.5,11.004437495954624,1.2527936945341334
2025-12-31,2025-12-31,25000.0,10.8215,22500.0,2500.0,0.0,7.499999999999999,18,6,2.5,10.88615861110989,1.2449486321295364
2026-01-31,2026-01-30,25000.0,10.5205,22500.0,2500.0,0.0,7.499999999999999,20,6,2.5,11.81241727157478,1.2963255482537008
2026-02-28,2026-02-27,25000.0,10.6643,22500.0,2500.0,0.0,7.499999999999999,18,5,2.5,10.89694205598297,1.1569166123493162
2026-03-31,2026-03-31,25000.0,10.943,22500.0,2500.0,0.0,7.499999999999999,19,6,2.5,11.233235749225143,1.289785692889921
2026-04-30,2026-04-30,25000.0,10.8555,22500.0,2500.0,0.0,7.499999999999999,18,5,2.5,11.434261340284943,1.202192356610113
2026-05-31,2026-05-29,25000.0,10.772,22500.0,2500.0,0.0,7.499999999999999,17,5,2.5,11.300581872344617,1.2938248854826442
2026-06-30,2026-06-30,25000.0,11.0935,22500.0,2500.0,0.0,7.499999999999999,16,4,2.5,11.09660650500456,1.0826812334480387
2026-07-31,2026-07-31,25000.0,10.9855,22500.0,2500.0,0.0,7.499999999999999,16,5,2.5,10.923102440459745,1.2456458173417388
2026-08-31,2026-08-31,25000.0,11.11,22500.0,2500.0,0.0,7.499999999999999,16,5,2.5,11.266873145749548,1.315507296180624
